Date,Open,High,Low,Close,Volume,polarity_mean
2020-01-01,12202.15039,12222.2002,12165.2998,12182.5,304100.0,0.0
2020-01-02,12198.5498,12289.90039,12195.25,12282.2002,407700.0,0.0
2020-01-03,12261.09961,12265.59961,12191.34961,12226.65039,428800.0,0.0
2020-01-06,12170.59961,12179.09961,11974.2002,11993.0498,396500.0,0.0
2020-01-07,12079.09961,12152.15039,12005.34961,12052.9502,447800.0,0.0
2020-01-08,11939.09961,12044.9502,11929.59961,12025.34961,446000.0,0.0
2020-01-09,12153.15039,12224.0498,12132.5498,12215.90039,477500.0,0.0
2020-01-10,12271.0,12311.2002,12213.2002,12256.7998,660600.0,0.0
2020-01-13,12296.7002,12337.75,12285.7998,12329.5498,501000.0,0.0
2020-01-14,12333.09961,12374.25,12308.7002,12362.2998,616300.0,0.0
2020-01-15,12349.40039,12355.15039,12278.75,12343.2998,684400.0,0.0
2020-01-16,12347.09961,12389.0498,12315.7998,12355.5,395700.0,-0.8614118695259094
2020-01-17,12328.40039,12385.4502,12321.40039,12352.34961,502100.0,0.0
2020-01-20,12430.5,12430.5,12216.90039,12224.5498,491600.0,-0.8509735465049744
2020-01-21,12195.2998,12230.0498,12162.2998,12169.84961,400.0,0.0
2020-01-22,12218.34961,12225.0498,12087.90039,12106.90039,500.0,0.0
2020-01-23,12123.75,12189.0,12094.09961,12180.34961,867700.0,0.0
2020-01-24,12174.5498,12272.15039,12149.65039,12248.25,593200.0,0.0
2020-01-27,12197.09961,12216.59961,12107.0,12119.0,441200.0,0.0
2020-01-28,12148.09961,12163.5498,12024.5,12055.7998,478500.0,0.0
2020-01-29,12114.90039,12169.59961,12103.7998,12129.5,514400.0,0.0
2020-01-30,12147.75,12150.2998,12010.59961,12035.7998,538100.0,0.0
2020-01-31,12100.40039,12103.5498,11945.84961,11962.09961,771300.0,0.0
2020-02-03,11627.4502,11749.84961,11614.5,11707.90039,669800.0,0.0
2020-02-04,11786.25,11986.15039,11783.40039,11979.65039,560400.0,-0.0108897387981414
2020-02-05,12005.84961,12098.15039,11953.34961,12089.15039,758000.0,0.9296942949295044
2020-02-06,12120.0,12160.59961,12084.65039,12137.9502,565100.0,0.0
2020-02-07,12151.15039,12154.7002,12073.9502,12098.34961,473500.0,0.0
2020-02-10,12102.34961,12103.5498,11990.75,12031.5,524700.0,-0.9683669209480286
2020-02-11,12108.40039,12172.2998,12099.0,12107.90039,480000.0,0.0142171382904052
2020-02-12,12151.0,12231.75,12144.2998,12201.2002,411700.0,0.0
2020-02-13,12219.5498,12225.65039,12139.7998,12174.65039,501200.0,0.8996036648750305
2020-02-14,12190.15039,12246.7002,12091.2002,12113.4502,622800.0,0.0
2020-02-17,12131.7998,12159.59961,12037.0,12045.7998,0.0,0.0
2020-02-18,12028.25,12030.75,11908.0498,11992.5,676900.0,0.942403256893158
2020-02-19,12090.59961,12134.7002,12042.09961,12125.90039,513600.0,0.0
2020-02-20,12119.0,12152.0,12071.4502,12080.84961,502600.0,0.0
2020-02-24,12012.5498,12012.5498,11813.40039,11829.40039,490800.0,0.0
2020-02-25,11877.5,11883.0498,11779.90039,11797.90039,461000.0,0.0
2020-02-26,11738.5498,11783.25,11639.59961,11678.5,567600.0,0.0
2020-02-27,11661.25,11663.84961,11536.7002,11633.2998,608600.0,0.0
2020-02-28,11382.0,11384.7998,11175.0498,11201.75,809900.0,0.0
2020-03-02,11387.34961,11433.0,11036.25,11132.75,680800.0,0.0
2020-03-03,11217.5498,11342.25,11152.5498,11303.2998,696500.0,0.0
2020-03-04,11351.34961,11356.59961,11082.15039,11251.0,797700.0,0.0
2020-03-05,11306.0498,11389.5,11244.59961,11269.0,1352500.0,-0.4559190329164267
2020-03-06,10942.65039,11035.09961,10827.40039,10989.4502,1811000.0,0.0
2020-03-09,10742.0498,10751.5498,10294.4502,10451.4502,1565500.0,0.0
2020-03-11,10334.2998,10545.09961,10334.0,10458.40039,1218500.0,0.8657532334327698
2020-03-12,10039.9502,10040.75,9508.0,9590.150391,1343500.0,0.0
2020-03-13,9107.599609,10159.40039,8555.150391,9955.200195,1388000.0,0.0
2020-03-16,9587.799805,9602.200195,9165.099609,9197.400391,897700.0,-0.2633475661277771
2020-03-17,9285.400391,9403.799805,8915.599609,8967.049805,935600.0,0.0
2020-03-18,9088.450195,9127.549805,8407.049805,8468.799805,1516600.0,0.0
2020-03-19,8063.299805,8575.450195,7832.549805,8263.450195,925700.0,0.0
2020-03-20,8284.450195,8883.0,8178.200195,8745.450195,1071500.0,0.0
2020-03-23,7945.700195,8159.25,7583.600098,7610.25,653500.0,0.0
2020-03-24,7848.299805,8036.950195,7511.100098,7801.049805,738400.0,0.0
2020-03-25,7735.149902,8376.75,7714.75,8317.849609,736900.0,0.0
2020-03-26,8451.0,8749.049805,8304.900391,8641.450195,865600.0,0.0
2020-03-27,8949.099609,9038.900391,8522.900391,8660.25,801500.0,-0.9307566285133362
2020-03-30,8385.950195,8576.0,8244.0,8281.099609,593300.0,0.0
2020-03-31,8529.349609,8678.299805,8358.0,8597.75,712700.0,0.579375684261322
2020-04-01,8584.099609,8588.099609,8198.349609,8253.799805,506300.0,0.1661654859781265
2020-04-03,8356.549805,8356.549805,8055.799805,8083.799805,697000.0,-0.5186925530433655
2020-04-07,8446.299805,8819.400391,8360.950195,8792.200195,814200.0,-0.9610879421234132
2020-04-08,8688.900391,9131.700195,8653.900391,8748.75,896500.0,0.0
2020-04-09,8973.049805,9128.349609,8904.549805,9111.900391,742100.0,0.0
2020-04-13,9103.950195,9112.049805,8912.400391,8993.849609,644000.0,-0.9219766855239868
2020-04-15,9196.400391,9261.200195,8874.099609,8925.299805,879100.0,0.0
2020-04-16,8851.25,9053.75,8821.900391,8992.799805,719400.0,-0.9084367752075196
2020-04-17,9323.450195,9324.0,9091.349609,9266.75,684200.0,0.0
2020-04-20,9390.200195,9390.849609,9230.799805,9261.849609,726400.0,0.0
2020-04-21,9016.950195,9044.400391,8909.400391,8981.450195,655100.0,0.0
2020-04-22,9026.75,9209.75,8946.25,9187.299805,734400.0,0.0
2020-04-23,9232.349609,9343.599609,9170.150391,9313.900391,666700.0,0.0319985933601856
2020-04-24,9163.900391,9296.900391,9141.299805,9154.400391,659400.0,0.0
2020-04-27,9259.700195,9377.099609,9250.349609,9282.299805,512800.0,0.0
2020-04-28,9389.799805,9404.400391,9260.0,9380.900391,614500.0,0.0
2020-04-29,9408.599609,9599.849609,9392.349609,9553.349609,653000.0,0.0
2020-04-30,9753.5,9889.049805,9731.5,9859.900391,931200.0,0.0
2020-05-04,9533.5,9533.5,9266.950195,9293.5,687500.0,0.0
2020-05-05,9429.400391,9450.900391,9190.75,9205.599609,725200.0,-0.9657201170921326
2020-05-06,9226.799805,9346.900391,9116.5,9270.900391,722200.0,-0.1721331179141998
2020-05-07,9234.049805,9277.849609,9175.900391,9199.049805,708700.0,-0.9680020809173584
2020-05-08,9376.950195,9382.650391,9238.200195,9251.5,609100.0,-0.085805207490921
2020-05-11,9348.150391,9439.900391,9219.950195,9239.200195,704600.0,0.9328299164772034
2020-05-12,9168.849609,9240.849609,9043.950195,9196.549805,805500.0,0.0
2020-05-13,9584.200195,9584.5,9351.099609,9383.549805,846400.0,0.0
2020-05-14,9213.950195,9281.099609,9119.75,9142.75,602600.0,0.0
2020-05-15,9182.400391,9182.400391,9050.0,9136.849609,575900.0,0.0
2020-05-18,9158.299805,9158.299805,8806.75,8823.25,773000.0,0.0
2020-05-19,8961.700195,9030.349609,8855.299805,8879.099609,762200.0,0.0
2020-05-20,8889.150391,9093.799805,8875.349609,9066.549805,622300.0,0.0
2020-05-21,9079.450195,9178.549805,9056.099609,9106.25,631500.0,0.3012815515200296
2020-05-22,9067.900391,9149.599609,8968.549805,9039.25,675800.0,0.9230310916900636
2020-05-26,9099.75,9161.650391,8996.650391,9029.049805,655000.0,-0.9592094719409944
2020-05-27,9082.200195,9334.0,9004.25,9314.950195,763500.0,0.7766340374946594
2020-05-28,9364.950195,9511.25,9336.5,9490.099609,837900.0,0.0
2020-05-29,9422.200195,9598.849609,9376.900391,9580.299805,967000.0,0.0
2020-06-01,9726.849609,9931.599609,9706.950195,9826.150391,794200.0,0.3685793578624725
2020-06-02,9880.849609,9995.599609,9824.049805,9979.099609,770200.0,0.0
2020-06-03,10108.2998,10176.2002,10035.5498,10061.5498,794700.0,-0.3449737727642059
2020-06-04,10054.25,10123.84961,9944.25,10029.09961,775100.0,0.9224146604537964
2020-06-05,10093.7998,10177.7998,10040.75,10142.15039,987100.0,-0.2144055068492889
2020-06-08,10326.75,10328.5,10120.25,10167.4502,936500.0,0.0
2020-06-09,10181.15039,10291.15039,10021.4502,10046.65039,754200.0,-0.87932950258255
2020-06-10,10072.59961,10148.75,10036.84961,10116.15039,632400.0,0.7637144029140472
2020-06-11,10094.09961,10112.0498,9885.049805,9902.0,715500.0,0.0
2020-06-12,9544.950195,9996.049805,9544.349609,9972.900391,796300.0,-0.9448205828666688
2020-06-15,9919.349609,9943.349609,9726.349609,9813.700195,716100.0,-0.8035715619723002
2020-06-16,10014.7998,10046.15039,9728.5,9914.0,899900.0,0.9323583543300628
2020-06-17,9876.700195,10003.59961,9833.799805,9881.150391,685400.0,0.7802008986473083
2020-06-18,9863.25,10111.2002,9845.049805,10091.65039,622900.0,0.4505426334217191
2020-06-19,10119.0,10272.40039,10072.65039,10244.40039,892100.0,0.0
2020-06-22,10318.75,10393.65039,10277.59961,10311.2002,685400.0,0.7867375810941061
2020-06-23,10347.9502,10484.7002,10301.75,10471.0,669200.0,0.783534586429596
2020-06-24,10529.25,10553.15039,10281.9502,10305.2998,854800.0,0.0
2020-06-25,10235.5498,10361.7998,10194.5,10288.90039,994200.0,0.8947118520736694
2020-06-26,10378.90039,10409.84961,10311.25,10383.0,671900.0,0.0
2020-06-29,10311.9502,10337.9502,10223.59961,10312.40039,574500.0,0.0
2020-06-30,10382.59961,10401.0498,10267.34961,10302.09961,556200.0,-0.948939085006714
2020-07-01,10323.7998,10447.0498,10299.59961,10430.0498,573600.0,0.0
2020-07-02,10493.0498,10598.2002,10485.5498,10551.7002,597400.0,0.9333571195602416
2020-07-03,10614.9502,10631.2998,10562.65039,10607.34961,525200.0,0.0
2020-07-06,10723.84961,10811.40039,10695.09961,10763.65039,571200.0,0.4700676351785659
2020-07-07,10802.84961,10813.7998,10689.7002,10799.65039,636800.0,0.0
2020-07-08,10818.65039,10847.84961,10676.5498,10705.75,767900.0,0.0
2020-07-09,10755.5498,10836.84961,10733.0,10813.4502,618700.0,0.0
2020-07-10,10764.09961,10819.40039,10713.0,10768.0498,590700.0,0.0
2020-07-13,10851.84961,10894.0498,10756.0498,10802.7002,554100.0,0.2479551434516906
2020-07-14,10750.84961,10755.65039,10562.90039,10607.34961,532400.0,0.0
2020-07-15,10701.0,10827.4502,10577.75,10618.2002,715900.0,0.0
2020-07-16,10706.2002,10755.2998,10595.2002,10739.9502,694400.0,0.0
2020-07-17,10752.0,10933.4502,10749.65039,10901.7002,676900.0,-0.0145680606365203
2020-07-20,10999.4502,11037.90039,10953.0,11022.2002,554300.0,-0.0363788306713104
2020-07-21,11126.09961,11179.5498,11113.25,11162.25,772000.0,0.3851443018232073
2020-07-22,11231.2002,11238.09961,11056.5498,11132.59961,765100.0,0.1872151613235474
2020-07-23,11135.0,11239.7998,11103.15039,11215.4502,621600.0,0.2985001603762308
2020-07-24,11149.9502,11225.40039,11090.2998,11194.15039,678900.0,0.7916064858436584
2020-07-27,11225.0,11225.0,11087.84961,11131.7998,588100.0,0.0
2020-07-28,11154.09961,11317.75,11151.40039,11300.5498,683900.0,-0.1310352713335305
2020-07-29,11276.90039,11341.40039,11149.75,11202.84961,600700.0,0.6931004524230957
2020-07-30,11254.2998,11299.9502,11084.9502,11102.15039,677800.0,0.0535463928245008
2020-07-31,11139.5,11150.40039,11026.65039,11073.4502,642600.0,0.0
2020-08-03,11057.5498,11058.0498,10882.25,10891.59961,680900.0,-0.0044282575448353
2020-08-04,10946.65039,11112.25,10908.09961,11095.25,625700.0,0.7379856109619141
2020-08-05,11155.75,11225.65039,11064.0498,11101.65039,667600.0,0.0
2020-08-06,11185.7002,11256.7998,11127.2998,11200.15039,600400.0,-0.9648103713989258
2020-08-07,11186.65039,11231.90039,11142.0498,11214.0498,452600.0,0.9437777996063232
2020-08-10,11270.25,11337.2998,11238.0,11270.15039,492000.0,-0.2728817462921143
2020-08-11,11322.25,11373.59961,11299.15039,11322.5,586100.0,0.7914170622825623
2020-08-12,11289.0,11322.0,11242.65039,11308.40039,609900.0,-0.3833283441407339
2020-08-13,11334.84961,11359.2998,11269.9502,11300.4502,562400.0,-0.9613847583532332
2020-08-14,11353.2998,11366.25,11111.4502,11178.40039,645100.0,-0.3567956089973449
2020-08-17,11248.90039,11267.09961,11144.5,11247.09961,634000.0,-0.3711972475051879
2020-08-18,11259.7998,11401.7002,11253.15039,11385.34961,579200.0,-0.2781457006931305
2020-08-19,11452.15039,11460.34961,11394.09961,11408.40039,626200.0,0.1037682096163431
2020-08-20,11317.4502,11361.4502,11289.7998,11312.2002,791600.0,0.2967853546142578
2020-08-21,11409.65039,11418.5,11362.2002,11371.59961,668700.0,0.4259077310562134
2020-08-24,11412.0,11497.25,11410.65039,11466.4502,532900.0,-0.9102217555046082
2020-08-25,11513.09961,11525.90039,11423.34961,11472.25,638200.0,-0.0443620843191941
2020-08-26,11512.84961,11561.75,11461.84961,11549.59961,743400.0,0.4317320585250854
2020-08-27,11609.2998,11617.34961,11540.59961,11559.25,719800.0,0.4188421964645386
2020-08-28,11602.9502,11686.0498,11589.40039,11647.59961,807000.0,0.8431226015090942
2020-08-31,11777.5498,11794.25,11325.84961,11387.5,1371800.0,0.6722190976142883
2020-09-01,11464.2998,11553.5498,11366.90039,11470.25,783800.0,-0.957451105117798
2020-09-02,11478.5498,11554.75,11430.40039,11535.0,593500.0,0.6801487803459167
2020-09-03,11566.2002,11584.9502,11507.65039,11527.4502,607100.0,0.1468681097030639
2020-09-04,11354.40039,11452.0498,11303.65039,11333.84961,681300.0,0.0
2020-09-07,11359.59961,11381.15039,11251.7002,11355.0498,560300.0,0.8832832972208658
2020-09-08,11378.5498,11437.25,11290.4502,11317.34961,572200.0,0.6397433429956436
2020-09-09,11218.59961,11298.15039,11185.15039,11278.0,728900.0,0.2391060988108317
2020-09-10,11363.2998,11464.0498,11327.40039,11449.25,679400.0,0.3853244483470917
2020-09-11,11447.7998,11493.5,11419.90039,11464.4502,554800.0,-0.912115752696991
2020-09-14,11540.15039,11568.90039,11383.5498,11440.0498,642300.0,0.3333320319652558
2020-09-15,11487.2002,11535.9502,11442.25,11521.7998,506700.0,0.0
2020-09-16,11538.4502,11618.09961,11516.75,11604.5498,527800.0,-0.1470415294170379
2020-09-17,11539.40039,11587.2002,11498.5,11516.09961,0.0,0.0
2020-09-18,11584.09961,11584.09961,11446.09961,11504.9502,764200.0,0.5954115986824036
2020-09-21,11503.7998,11535.25,11218.5,11250.5498,602900.0,0.5398663828770319
2020-09-22,11301.75,11302.2002,11084.65039,11153.65039,672200.0,0.3143566288053989
2020-09-23,11258.75,11259.5498,11024.40039,11131.84961,714900.0,-0.8162455558776855
2020-09-24,11011.0,11015.2998,10790.2002,10805.5498,706100.0,0.23127677043279
2020-09-25,10910.40039,11072.59961,10854.84961,11050.25,559600.0,-0.0907276570796966
2020-09-28,11140.84961,11239.34961,11099.84961,11227.5498,472800.0,-0.0493873357772827
2020-09-29,11288.59961,11305.40039,11181.0,11222.40039,498300.0,-0.2361105978488922
2020-09-30,11244.4502,11295.40039,11184.5498,11247.5498,499300.0,0.7384962439537048
2020-10-01,11364.4502,11428.59961,11347.0498,11416.9502,447700.0,0.6975204348564148
2020-10-05,11487.7998,11578.0498,11452.2998,11503.34961,530600.0,0.7261463403701782
2020-10-06,11603.4502,11680.2998,11564.2998,11662.40039,561400.0,-0.1759969051927328
2020-10-07,11679.25,11763.0498,11629.34961,11738.84961,513400.0,0.5007926424344381
2020-10-08,11835.40039,11905.7002,11791.15039,11834.59961,608800.0,0.5897620543837547
2020-10-09,11852.0498,11938.59961,11805.2002,11914.2002,611100.0,0.7480194047093391
2020-10-12,11973.5498,12022.0498,11867.2002,11930.9502,522600.0,0.3902952075004577
2020-10-13,11934.65039,11988.2002,11888.90039,11934.5,458300.0,0.5321361844738325
2020-10-14,11917.40039,11997.2002,11822.15039,11971.0498,569200.0,0.5878449268639088
2020-10-15,12023.4502,12025.4502,11661.2998,11680.34961,608900.0,0.4787188301032239
2020-10-16,11727.40039,11789.75,11667.84961,11762.4502,555800.0,0.3484293719132741
2020-10-19,11879.2002,11898.25,11820.40039,11873.0498,541400.0,0.4596823289990425
2020-10-20,11861.0,11949.25,11837.25,11896.7998,453600.0,0.7496628718716758
2020-10-21,11958.5498,12018.65039,11775.75,11937.65039,623700.0,0.1840790180223328
2020-10-22,11890.0,11939.5498,11823.4502,11896.4502,544900.0,0.1841113393194973
2020-10-23,11957.90039,11974.5498,11908.75,11930.34961,502300.0,-0.2964772857152499
2020-10-26,11937.40039,11942.84961,11711.7002,11767.75,519800.0,0.6688742901270206
2020-10-27,11807.09961,11899.0498,11723.0,11889.40039,616300.0,0.6559302893777689
2020-10-28,11922.59961,11929.40039,11684.84961,11729.59961,704000.0,0.2273386095960935
2020-10-29,11633.2998,11744.15039,11606.4502,11670.7998,555000.0,0.7402825595604049
2020-10-30,11678.4502,11748.9502,11535.4502,11642.40039,553700.0,0.2941862314939499
2020-11-02,11697.34961,11725.65039,11557.40039,11669.15039,568400.0,0.5273918179938426
2020-11-03,11734.4502,11836.2002,11723.2998,11813.5,674300.0,0.437415367678592
2020-11-04,11783.34961,11929.65039,11756.40039,11908.5,667300.0,0.5431948913947532
2020-11-05,12062.40039,12131.09961,12027.59961,12120.2998,632500.0,0.5840344093739985
2020-11-06,12156.65039,12280.40039,12131.84961,12263.5498,576800.0,0.4191959740387068
2020-11-09,12399.40039,12474.0498,12367.34961,12461.0498,553400.0,0.3591089714318514
2020-11-10,12556.40039,12643.90039,12475.25,12631.09961,847500.0,-0.1678559865270341
2020-11-11,12680.59961,12769.75,12571.09961,12749.15039,880500.0,0.47326521710916
2020-11-12,12702.15039,12741.15039,12624.84961,12690.7998,622000.0,0.4718905925750732
2020-11-13,12659.7002,12735.9502,12607.7002,12719.9502,513900.0,0.2128129452466964
2020-11-17,12932.5,12934.0498,12797.09961,12874.2002,707700.0,0.4874629341065883
2020-11-18,12860.09961,12948.84961,12819.34961,12938.25,731300.0,0.6195760488510131
2020-11-19,12839.5,12963.0,12745.75,12771.7002,768800.0,0.6047877895512751
2020-11-20,12813.40039,12892.4502,12730.25,12859.0498,664000.0,0.0216476743419965
2020-11-23,12960.2998,12968.84961,12825.7002,12926.4502,633100.0,0.4798187464475631
2020-11-24,13002.59961,13079.09961,12978.0,13055.15039,571900.0,0.5451126754283905
2020-11-25,13130.0,13145.84961,12833.65039,12858.40039,679000.0,-0.0071364492177963
2020-11-26,12906.4502,13018.0,12790.40039,12987.0,549800.0,0.2165925055742263
2020-11-27,13012.0498,13035.2998,12914.2998,12968.9502,1162400.0,0.1308680847287177
2020-12-01,13062.2002,13128.40039,12962.7998,13109.0498,583600.0,0.391921223141253
2020-12-02,13121.40039,13128.5,12983.5498,13113.75,717700.0,0.2878413423895836
2020-12-03,13215.2998,13216.59961,13107.90039,13133.90039,713700.0,0.0179439678788185
2020-12-04,13177.40039,13280.0498,13152.84961,13258.5498,640500.0,0.2106449731758662
2020-12-07,13264.84961,13366.65039,13241.9502,13355.75,591700.0,0.3782417544951805
2020-12-08,13393.84961,13435.4502,13311.0498,13392.9502,543200.0,0.3446804632743199
2020-12-09,13458.09961,13548.90039,13449.59961,13529.09961,502600.0,-0.1428194046020507
2020-12-10,13488.5,13503.5498,13399.2998,13478.2998,553400.0,0.0188440829515457
2020-12-11,13512.2998,13579.34961,13402.84961,13513.84961,787700.0,0.1324581947516311
2020-12-14,13571.4502,13597.5,13472.4502,13558.15039,558400.0,-0.2797331276039282
2020-12-15,13547.2002,13589.65039,13447.0498,13567.84961,497600.0,0.2911635011434555
2020-12-16,13663.09961,13692.34961,13606.4502,13682.7002,462200.0,0.7012583017349243
2020-12-17,13713.5498,13773.25,13673.5498,13740.7002,416000.0,0.5947089642286301
2020-12-18,13764.40039,13772.84961,13658.59961,13760.5498,519400.0,-0.4676488466560841
2020-12-21,13741.90039,13777.5,13131.4502,13328.40039,687300.0,0.5336471324165662
2020-12-22,13373.65039,13492.0498,13192.90039,13466.2998,696200.0,0.2156884130090475
2020-12-23,13473.5,13619.4502,13432.2002,13601.09961,458700.0,0.5943636894226074
2020-12-24,13672.15039,13771.75,13626.90039,13749.25,471400.0,0.0308194775134324
2020-12-28,13815.15039,13885.2998,13811.5498,13873.2002,403600.0,-0.6459115743637085
2020-12-29,13910.34961,13967.59961,13859.90039,13932.59961,439600.0,0.302818402647972
2020-12-30,13980.90039,13997.0,13864.9502,13981.9502,380700.0,0.2307836227118969
2020-12-31,13970.0,14024.84961,13936.4502,13981.75,452400.0,0.2117739301174878
2021-01-01,13996.09961,14049.84961,13991.34961,14018.5,358100.0,0.0
2021-01-04,14104.34961,14147.9502,13953.75,14132.90039,495000.0,0.0
2021-01-05,14075.15039,14215.59961,14048.15039,14199.5,492500.0,0.0
2021-01-06,14240.9502,14244.15039,14039.90039,14146.25,632300.0,0.0
2021-01-07,14253.75,14256.25,14123.09961,14137.34961,559200.0,0.0
2021-01-08,14258.40039,14367.2998,14221.65039,14347.25,613500.0,0.0
2021-01-11,14474.0498,14498.2002,14383.09961,14484.75,672900.0,0.0
2021-01-12,14473.7998,14590.65039,14432.84961,14563.4502,929600.0,0.0
2021-01-13,14639.7998,14653.34961,14435.7002,14564.84961,874000.0,0.0
2021-01-14,14550.0498,14617.7998,14471.5,14595.59961,620200.0,0.0
2021-01-15,14594.34961,14617.4502,14357.84961,14433.7002,789600.0,0.0
2021-01-18,14453.2998,14459.15039,14222.7998,14281.2998,762000.0,0.0
2021-01-19,14371.65039,14546.0498,14350.84961,14521.15039,546100.0,-0.9250664114952089
2021-01-20,14538.2998,14666.4502,14517.5498,14644.7002,623100.0,0.9235660433769226
2021-01-21,14730.9502,14753.5498,14517.25,14590.34961,704600.0,0.0
2021-01-22,14583.40039,14619.90039,14357.75,14371.90039,776800.0,0.7897151112556458
2021-01-25,14477.7998,14491.09961,14218.59961,14238.90039,618600.0,0.0
2021-01-27,14237.9502,14237.9502,13929.2998,13967.5,660700.0,0.0
2021-01-28,13810.40039,13898.25,13713.25,13817.5498,637900.0,0.8089088797569275
2021-01-29,13946.59961,13966.84961,13596.75,13634.59961,753200.0,0.0
2021-02-01,13758.59961,14336.34961,13661.75,14281.2002,870500.0,0.917962372303009
2021-02-02,14481.09961,14731.7002,14469.15039,14647.84961,915000.0,0.0
2021-02-03,14754.90039,14868.84961,14574.15039,14789.9502,869500.0,0.0
2021-02-04,14789.0498,14913.7002,14714.75,14895.65039,884700.0,0.0
2021-02-05,14952.59961,15014.65039,14864.75,14924.25,935600.0,0.0
2021-02-08,15064.2998,15159.90039,15041.0498,15115.7998,671200.0,0.0
2021-02-09,15164.15039,15257.09961,15064.2998,15109.2998,713300.0,0.0
2021-02-10,15119.0498,15168.25,14977.2002,15106.5,624800.0,0.0
2021-02-11,15073.25,15188.5,15065.40039,15173.2998,500100.0,0.0
2021-02-12,15186.2002,15243.5,15081.0,15163.2998,571800.0,0.924903392791748
2021-02-15,15270.2998,15340.15039,15243.40039,15314.7002,456000.0,-0.9462012648582458
2021-02-16,15371.4502,15431.75,15242.2002,15313.4502,648500.0,0.9422497153282166
2021-02-17,15279.90039,15314.2998,15170.75,15208.90039,504800.0,0.0
2021-02-18,15238.7002,15250.75,15078.0498,15118.9502,770600.0,0.0
2021-02-19,15074.7998,15144.0498,14898.2002,14981.75,712200.0,0.0
2021-02-22,14999.0498,15010.09961,14635.0498,14675.7002,609900.0,0.9273640513420104
2021-02-23,14782.25,14854.5,14651.84961,14707.7998,744100.0,0.7834581136703491
2021-02-24,14729.15039,15008.7998,14504.5,14982.0,403800.0,0.0
2021-02-25,15079.84961,15176.5,15065.34961,15097.34961,803900.0,0.0
2021-02-26,14888.59961,14919.4502,14467.75,14529.15039,1103600.0,0.0
2021-03-01,14702.5,14806.7998,14638.5498,14761.5498,507300.0,0.0
2021-03-02,14865.2998,14959.09961,14760.7998,14919.09961,621700.0,0.4983285963535309
2021-03-03,15064.40039,15273.15039,14995.7998,15245.59961,544200.0,0.0
2021-03-04,15026.75,15202.34961,14980.2002,15080.75,534900.0,0.0
2021-03-05,14977.9502,15092.34961,14862.09961,14938.09961,640700.0,0.0
2021-03-08,15002.4502,15111.15039,14919.90039,14956.2002,0.0,0.0
2021-03-09,15049.90039,15126.84961,14925.4502,15098.40039,675300.0,0.0
2021-03-10,15202.15039,15218.4502,15100.84961,15174.7998,404600.0,-0.0219424702227115
2021-03-12,15321.15039,15336.2998,14953.59961,15030.9502,493200.0,0.0
2021-03-15,15048.40039,15048.40039,14745.84961,14929.5,467500.0,0.0
2021-03-16,14996.09961,15051.59961,14890.65039,14910.4502,100.0,0.9351849555969238
2021-03-17,14946.5498,14956.5498,14696.0498,14721.2998,100.0,0.0
2021-03-18,14855.5,14875.2002,14478.59961,14557.84961,542200.0,0.0
2021-03-19,14471.15039,14788.25,14350.09961,14744.0,919200.0,0.0
2021-03-22,14736.2998,14763.90039,14597.84961,14736.40039,459000.0,0.0
2021-03-23,14768.5498,14878.59961,14707.0,14814.75,474200.0,0.0
2021-03-24,14712.4502,14752.34961,14535.0,14549.40039,456400.0,0.4258221983909607
2021-03-25,14570.90039,14575.59961,14264.40039,14324.90039,606800.0,0.0192468836903572
2021-03-26,14506.2998,14572.90039,14414.25,14507.2998,481000.0,0.0
2021-03-30,14628.5,14876.2998,14617.59961,14845.09961,594500.0,0.0
2021-03-31,14811.84961,14813.75,14670.25,14690.7002,463900.0,0.0
2021-04-01,14798.40039,14883.2002,14692.4502,14867.34961,445000.0,0.0
2021-04-05,14837.7002,14849.84961,14459.5,14637.7998,509700.0,0.0
2021-04-06,14737.0,14779.09961,14573.90039,14683.5,475300.0,0.0
2021-04-07,14716.4502,14879.7998,14649.84961,14819.0498,0.0,0.0
2021-04-08,14875.65039,14984.15039,14821.09961,14873.7998,514800.0,0.0
2021-04-09,14882.65039,14918.4502,14785.65039,14834.84961,504100.0,0.0
2021-04-12,14644.65039,14652.5,14248.7002,14310.7998,650200.0,0.552892878651619
2021-04-13,14364.90039,14528.90039,14274.90039,14504.7998,605100.0,-0.872846245765686
2021-04-15,14522.40039,14597.5498,14353.2002,14581.4502,568000.0,0.9298804998397828
2021-04-16,14599.59961,14697.7002,14559.0,14617.84961,577200.0,0.0
2021-04-19,14306.59961,14382.2998,14191.40039,14359.4502,512300.0,0.0
2021-04-20,14526.7002,14526.9502,14207.2998,14296.40039,467400.0,0.0
2021-04-22,14219.15039,14424.75,14151.40039,14406.15039,524600.0,0.9364438951015472
2021-04-23,14326.34961,14461.15039,14273.2998,14341.34961,498100.0,-0.9257583618164062
2021-04-26,14449.4502,14557.5,14421.2998,14485.0,452700.0,0.0
2021-04-27,14493.7998,14667.5498,14484.84961,14653.0498,451800.0,0.0
2021-04-28,14710.5,14890.25,14694.9502,14864.5498,457000.0,-0.94076406955719
2021-04-29,14979.0,15044.34961,14814.4502,14894.90039,517500.0,0.9206523299217224
2021-04-30,14747.34961,14855.4502,14601.7002,14631.09961,613900.0,0.1712290495634079
2021-05-03,14481.0498,14673.84961,14416.25,14634.15039,448900.0,0.0326820015907288
2021-05-04,14687.25,14723.40039,14461.5,14496.5,503400.0,0.3543411095937093
2021-05-05,14604.15039,14637.90039,14506.59961,14617.84961,455900.0,0.0
2021-05-06,14668.34961,14743.90039,14611.5,14724.7998,467800.0,0.918905943632126
2021-05-07,14816.84961,14863.0498,14765.5,14823.15039,488000.0,0.0
2021-05-10,14928.25,14966.90039,14892.5,14942.34961,522000.0,0.0
2021-05-11,14789.7002,14900.0,14771.40039,14850.75,647400.0,0.0
2021-05-12,14823.5498,14824.0498,14649.7002,14696.5,643800.0,0.0
2021-05-14,14749.40039,14749.65039,14591.90039,14677.7998,620700.0,0.0
2021-05-17,14756.25,14938.0,14725.34961,14923.15039,546400.0,0.4912182241678238
2021-05-18,15067.2002,15137.25,15043.7002,15108.09961,583900.0,0.0
2021-05-19,15058.59961,15133.40039,15008.84961,15030.15039,569100.0,0.0
2021-05-20,15042.59961,15069.7998,14884.90039,14906.0498,480300.0,0.0
2021-05-21,14987.7998,15190.0,14985.84961,15175.2998,572900.0,0.6175558380782604
2021-05-24,15211.34961,15256.25,15145.4502,15197.7002,579800.0,0.0
2021-05-25,15291.75,15293.84961,15163.40039,15208.4502,441500.0,0.9277333617210388
2021-05-26,15257.0498,15319.90039,15194.9502,15301.4502,384000.0,0.9350734651088716
2021-05-27,15323.9502,15384.5498,15272.5,15337.84961,0.0,0.0
2021-05-28,15421.2002,15469.65039,15394.75,15435.65039,468100.0,0.0
2021-05-31,15437.75,15606.34961,15374.0,15582.7998,436000.0,0.936854600906372
2021-06-01,15629.65039,15660.75,15528.2998,15574.84961,409600.0,0.0
2021-06-02,15520.34961,15597.4502,15459.84961,15576.2002,428600.0,0.5181409306824207
2021-06-03,15655.5498,15705.09961,15611.0,15690.34961,410200.0,0.0
2021-06-04,15712.5,15733.59961,15622.34961,15670.25,414200.0,0.4166436791419983
2021-06-07,15725.09961,15773.4502,15678.09961,15751.65039,394000.0,-0.0507097318768501
2021-06-08,15773.90039,15778.7998,15680.0,15740.09961,378200.0,0.0500935055315494
2021-06-09,15766.2998,15800.4502,15566.90039,15635.34961,457900.0,0.0
2021-06-10,15692.09961,15751.25,15648.5,15737.75,298300.0,0.0
2021-06-11,15796.4502,15835.5498,15749.7998,15799.34961,363000.0,0.0
2021-06-14,15791.40039,15823.0498,15606.5,15811.84961,392900.0,-0.9649059176445008
2021-06-15,15866.9502,15901.59961,15842.40039,15869.25,323300.0,0.0
2021-06-16,15847.5,15880.84961,15742.59961,15767.5498,340200.0,0.0
2021-06-17,15648.2998,15769.34961,15616.75,15691.40039,357600.0,0.0
2021-06-18,15756.5,15761.5,15450.90039,15683.34961,640800.0,0.0
2021-06-21,15525.84961,15765.15039,15505.65039,15746.5,351500.0,0.0
2021-06-22,15840.5,15895.75,15752.09961,15772.75,322200.0,0.0
2021-06-23,15862.7998,15862.9502,15673.9502,15686.9502,287500.0,0.0586301647126674
2021-06-24,15737.2998,15821.40039,15702.7002,15790.4502,316700.0,0.9351370930671692
2021-06-25,15839.34961,15870.7998,15772.2998,15860.34961,314600.0,0.1026964485645294
2021-06-28,15915.34961,15915.65039,15792.15039,15814.7002,255100.0,0.5044931670029958
2021-06-29,15807.5,15835.90039,15724.0498,15748.4502,360300.0,0.0581813007593154
2021-06-30,15776.90039,15839.09961,15708.75,15721.5,262400.0,0.2453313246369361
2021-07-01,15755.0498,15755.5498,15667.0498,15680.0,224900.0,0.0
2021-07-02,15705.84961,15738.34961,15635.9502,15722.2002,254800.0,0.0
2021-07-05,15793.40039,15845.9502,15762.0498,15834.34961,207000.0,0.0
2021-07-06,15813.75,15914.2002,15801.0,15818.25,391400.0,0.0
2021-07-07,15819.59961,15893.5498,15779.7002,15879.65039,329300.0,0.0
2021-07-08,15855.40039,15885.75,15682.90039,15727.90039,307900.0,0.4243456516414881
2021-07-09,15688.25,15730.84961,15632.75,15689.7998,243200.0,0.3240709106127421
2021-07-12,15766.7998,15789.2002,15644.75,15692.59961,216300.0,0.0635099826114518
2021-07-13,15794.0,15820.7998,15744.59961,15812.34961,246700.0,0.0728427370389301
2021-07-14,15808.7002,15877.34961,15764.2002,15853.9502,0.0,0.930339217185974
2021-07-15,15872.15039,15952.34961,15855.0,15924.2002,284900.0,0.6598968096077442
2021-07-16,15958.34961,15962.25,15882.59961,15923.40039,276300.0,0.0
2021-07-19,15754.5,15836.90039,15707.5,15752.40039,242100.0,0.0
2021-07-20,15703.9502,15728.4502,15578.5498,15632.09961,274300.0,0.0
2021-07-22,15736.59961,15834.7998,15726.40039,15824.0498,265300.0,0.2831020429730415
2021-07-23,15856.7998,15899.7998,15768.40039,15856.0498,294100.0,0.5463666468858719
2021-07-26,15849.2998,15893.34961,15797.0,15824.4502,267100.0,0.0712166925271352
2021-07-27,15860.5,15881.5498,15701.0,15746.4502,311000.0,0.9333563297986984
2021-07-28,15761.5498,15767.5,15513.4502,15709.40039,318600.0,-0.0860339552164077
2021-07-29,15762.7002,15817.34961,15737.7998,15778.4502,401600.0,0.2100301136573155
2021-07-30,15800.59961,15862.7998,15744.84961,15763.0498,400000.0,-0.1926999986171722
2021-08-02,15874.90039,15892.90039,15834.65039,15885.15039,244800.0,0.5715531125664711
2021-08-03,15951.5498,16146.90039,15914.34961,16130.75,341300.0,-0.9641952514648438
2021-08-04,16195.25,16290.2002,16176.15039,16258.7998,427300.0,0.1382819712162017
2021-08-05,16288.9502,16349.4502,16210.2998,16294.59961,418200.0,0.8104344606399536
2021-08-06,16304.40039,16336.75,16223.2998,16238.2002,320100.0,0.5377200543880463
2021-08-09,16281.34961,16320.75,16179.0498,16258.25,240500.0,-0.9647526741027832
2021-08-10,16274.7998,16359.25,16202.25,16280.09961,288000.0,0.2706762254238128
2021-08-11,16327.2998,16338.75,16162.5498,16282.25,277900.0,0.9341888427734376
2021-08-12,16303.65039,16375.5,16286.90039,16364.40039,280200.0,-0.3305033644040425
2021-08-13,16385.69922,16543.59961,16376.2998,16529.09961,321900.0,0.2094723403453827
2021-08-16,16518.40039,16589.40039,16480.75,16563.05078,254000.0,0.0
2021-08-17,16545.25,16628.55078,16495.40039,16614.59961,297400.0,0.0520001202821731
2021-08-18,16691.94922,16701.84961,16535.84961,16568.84961,251800.0,0.0
2021-08-20,16382.5,16509.55078,16376.0498,16450.5,350800.0,-0.2866477693120639
2021-08-23,16592.25,16592.5,16395.69922,16496.44922,275600.0,-0.2782013850907485
2021-08-24,16561.40039,16647.09961,16495.30078,16624.59961,275400.0,-0.9048221111297609
2021-08-25,16654.0,16712.44922,16617.5,16634.65039,265900.0,0.9009267489115396
2021-08-26,16627.94922,16683.69922,16603.40039,16636.90039,253500.0,-0.0532098710536956
2021-08-27,16642.55078,16722.05078,16565.59961,16705.19922,217400.0,0.3689239919185638
2021-08-30,16775.84961,16951.5,16764.84961,16931.05078,283500.0,0.6828247308731079
2021-08-31,16947.5,17153.5,16915.84961,17132.19922,464400.0,0.2845081153015296
2021-09-01,17185.59961,17225.75,17055.05078,17076.25,301900.0,-0.3333110213279724
2021-09-02,17095.40039,17245.5,17059.69922,17234.15039,242400.0,0.3376298248767852
2021-09-03,17262.44922,17340.09961,17212.19922,17323.59961,261400.0,0.1701827496290207
2021-09-06,17399.34961,17429.55078,17345.55078,17377.80078,228000.0,0.4304793414970239
2021-09-07,17401.55078,17436.5,17287.0,17362.09961,243400.0,0.4465548197428385
2021-09-08,17375.75,17383.40039,17254.19922,17353.5,252700.0,0.9311919212341307
2021-09-09,17312.84961,17379.65039,17302.69922,17369.25,241500.0,0.8115555842717489
2021-09-13,17363.55078,17378.34961,17269.15039,17355.30078,241100.0,0.0
2021-09-14,17420.34961,17438.55078,17367.05078,17380.0,230400.0,-0.8537836670875549
2021-09-15,17387.65039,17532.69922,17386.90039,17519.44922,388200.0,0.9274035692214966
2021-09-16,17539.19922,17644.59961,17510.44922,17629.5,503300.0,-0.1062580198049545
2021-09-17,17709.65039,17792.94922,17537.65039,17585.15039,508300.0,0.0
2021-09-20,17443.84961,17622.75,17361.80078,17396.90039,339100.0,0.9004943072795868
2021-09-21,17450.5,17578.34961,17326.09961,17562.0,363600.0,0.0
2021-09-22,17580.90039,17610.44922,17524.0,17546.65039,295200.0,0.7661229968070984
2021-09-23,17670.84961,17843.90039,17646.55078,17822.94922,320500.0,0.8260972797870636
2021-09-24,17897.44922,17947.65039,17819.40039,17853.19922,360100.0,0.6949318647384644
2021-09-27,17932.19922,17943.5,17802.90039,17855.09961,295700.0,0.123138852417469
2021-09-28,17906.44922,17912.84961,17576.09961,17748.59961,398000.0,0.0
2021-09-29,17657.94922,17781.75,17608.15039,17711.30078,562200.0,0.6982950369517008
2021-09-30,17718.90039,17742.15039,17585.34961,17618.15039,378600.0,0.824548602104187
2021-10-01,17531.90039,17557.15039,17452.90039,17532.05078,305800.0,0.3936486393213271
2021-10-04,17615.55078,17750.90039,17581.34961,17691.25,295800.0,-0.0157952103763818
2021-10-05,17661.34961,17833.44922,17640.90039,17822.30078,427000.0,0.9086887637774148
2021-10-06,17861.5,17884.59961,17613.15039,17646.0,395800.0,0.1995408535003661
2021-10-07,17810.55078,17857.55078,17763.80078,17790.34961,419900.0,0.3551847537358601
2021-10-08,17886.84961,17941.84961,17840.34961,17895.19922,324100.0,-0.1126022589289479
2021-10-11,17867.55078,18041.94922,17839.09961,17945.94922,375800.0,0.3834249248107274
2021-10-12,17915.80078,18008.65039,17864.94922,17991.94922,355600.0,0.3477073110640049
2021-10-13,18097.84961,18197.80078,18050.75,18161.75,506700.0,0.4887486614286899
2021-10-14,18272.84961,18350.75,18248.69922,18338.55078,538700.0,0.6922488185492429
2021-10-18,18500.09961,18543.15039,18445.30078,18477.05078,469900.0,0.4983260380950841
2021-10-19,18602.34961,18604.44922,18377.69922,18418.75,368200.0,0.6361982184979651
2021-10-20,18439.90039,18458.30078,18209.34961,18266.59961,371300.0,0.4358109997378455
2021-10-21,18382.69922,18384.19922,18048.0,18178.09961,365900.0,0.04808829848965
2021-10-22,18230.69922,18314.25,18034.34961,18114.90039,324700.0,-0.0258584320545195
2021-10-25,18229.5,18241.40039,17968.5,18125.40039,418700.0,-0.2061740791218148
2021-10-26,18154.5,18310.44922,18099.30078,18268.40039,341400.0,0.3014895056302731
2021-10-27,18295.84961,18342.05078,18167.90039,18210.94922,335200.0,0.511518337896892
2021-10-28,18187.65039,18190.69922,17799.44922,17857.25,374200.0,0.7396940221389134
2021-10-29,17833.05078,17915.84961,17613.09961,17671.65039,336500.0,0.6806338503956795
2021-11-01,17783.15039,17954.09961,17697.09961,17929.65039,281200.0,-0.1063853998978932
2021-11-02,17970.90039,18012.25,17847.59961,17888.94922,296400.0,0.4668746367096901
2021-11-03,17947.94922,17988.75,17757.94922,17829.19922,331000.0,0.1133231270042332
2021-11-04,17935.05078,17947.55078,17900.59961,17916.80078,48500.0,0.0
2021-11-08,18040.19922,18087.80078,17836.09961,18068.55078,338900.0,-0.1919372156262397
2021-11-09,18084.34961,18112.59961,17983.05078,18044.25,270200.0,0.167034912854433
2021-11-10,17973.44922,18061.25,17915.0,18017.19922,261400.0,-0.8568065762519836
2021-11-11,17967.44922,17971.34961,17798.19922,17873.59961,232100.0,0.7586325506369272
2021-11-12,17977.59961,18123.0,17905.90039,18102.75,249100.0,0.4545008275243971
2021-11-15,18140.94922,18210.15039,18071.30078,18109.44922,280400.0,0.4814294576644897
2021-11-16,18127.05078,18132.65039,17958.80078,17999.19922,267400.0,0.0
2021-11-17,17939.34961,18022.65039,17879.25,17898.65039,295700.0,0.3234885931015014
2021-11-18,17890.55078,17945.59961,17688.5,17764.80078,278400.0,0.1789860526720682
2021-11-22,17796.25,17805.25,17280.44922,17416.55078,356400.0,0.8896320581436157
2021-11-23,17281.75,17553.69922,17216.09961,17503.34961,308800.0,0.5351175814867019
2021-11-24,17550.05078,17600.59961,17354.0,17415.05078,298100.0,0.2788127462069194
2021-11-25,17417.30078,17564.34961,17351.69922,17536.25,255900.0,0.3231832981109619
2021-11-26,17338.75,17355.40039,16985.69922,17026.44922,356300.0,0.0
2021-11-29,17055.80078,17160.69922,16782.40039,17053.94922,348900.0,0.9251115322113036
2021-11-30,17051.15039,17324.65039,16931.40039,16983.19922,498000.0,-0.025001972913742
2021-12-01,17104.40039,17213.05078,17064.25,17166.90039,295500.0,0.176395571231842
2021-12-02,17183.19922,17420.34961,17149.30078,17401.65039,279900.0,0.4661228060722351
2021-12-03,17424.90039,17489.80078,17180.80078,17196.69922,292500.0,0.0
2021-12-06,17209.05078,17216.75,16891.69922,16912.25,231700.0,0.7814125120639801
2021-12-07,17044.09961,17251.65039,16987.75,17176.69922,254100.0,0.9269444346427916
2021-12-08,17315.25,17484.59961,17308.94922,17469.75,257800.0,0.0
2021-12-09,17524.40039,17543.25,17379.59961,17516.84961,237200.0,0.7378082647919655
2021-12-10,17476.05078,17534.34961,17405.25,17511.30078,204500.0,0.8050052026907603
2021-12-13,17619.09961,17639.5,17355.94922,17368.25,256600.0,0.3184518069028854
2021-12-14,17283.19922,17376.19922,17225.80078,17324.90039,271000.0,0.5083567053079605
2021-12-15,17323.65039,17351.19922,17192.19922,17221.40039,215000.0,0.4576926007866859
2021-12-16,17373.0,17379.34961,17184.94922,17248.40039,219500.0,0.8878707885742188
2021-12-17,17276.0,17298.15039,16966.44922,16985.19922,354600.0,0.8753883466124535
2021-12-20,16824.25,16840.09961,16410.19922,16614.19922,330600.0,0.4757866859436035
2021-12-21,16773.15039,16936.40039,16688.25,16770.84961,241000.0,0.6594456930955251
2021-12-22,16865.55078,16971.0,16819.5,16955.44922,207900.0,0.5054303159316381
2021-12-23,17066.80078,17118.65039,17015.55078,17072.59961,197000.0,0.8709621429443359
2021-12-24,17149.5,17155.59961,16909.59961,17003.75,182600.0,0.3623394668102264
2021-12-27,16937.75,17112.05078,16833.19922,17086.25,144800.0,0.9406859874725342
2021-12-28,17177.59961,17250.25,17161.15039,17233.25,176000.0,0.6836396853129069
2021-12-29,17220.09961,17285.94922,17176.65039,17213.59961,161700.0,0.0
2021-12-30,17201.44922,17264.05078,17146.34961,17203.94922,320800.0,0.0
2021-12-31,17244.5,17400.80078,17238.5,17354.05078,167000.0,0.0
2022-01-03,17387.15039,17646.65039,17383.30078,17625.69922,200500.0,0.0
2022-01-04,17681.40039,17827.59961,17593.55078,17805.25,247400.0,0.0
2022-01-05,17820.09961,17944.69922,17748.84961,17925.25,251500.0,0.0
2022-01-06,17768.5,17797.94922,17655.55078,17745.90039,236500.0,0.0
2022-01-07,17797.59961,17905.0,17704.55078,17812.69922,239300.0,0.0
2022-01-10,17913.30078,18017.44922,17879.15039,18003.30078,232400.0,0.0
2022-01-11,17997.75,18081.25,17964.40039,18055.75,220200.0,0.0
2022-01-12,18170.40039,18227.94922,18128.80078,18212.34961,245000.0,0.0
2022-01-13,18257.0,18272.25,18163.80078,18257.80078,303700.0,0.0
2022-01-14,18185.0,18286.94922,18119.65039,18255.75,229500.0,0.0
2022-01-17,18235.65039,18321.55078,18228.75,18308.09961,266700.0,0.9347832202911376
2022-01-18,18337.19922,18350.94922,18085.90039,18113.05078,227500.0,0.0
2022-01-19,18129.19922,18129.19922,17884.90039,17938.40039,276700.0,0.0
2022-01-20,17921.0,17943.69922,17648.44922,17757.0,258100.0,0.0
2022-01-21,17613.69922,17707.59961,17485.84961,17617.15039,277600.0,0.0
2022-01-24,17575.15039,17599.40039,16997.84961,17149.09961,323800.0,0.0
2022-01-25,17001.55078,17309.15039,16836.80078,17277.94922,326500.0,0.0
2022-01-27,17062.0,17182.5,16866.75,17110.15039,395600.0,0.9377571940422058
2022-01-28,17208.30078,17373.5,17077.09961,17101.94922,355300.0,0.0
2022-01-31,17301.05078,17410.0,17264.15039,17339.84961,321700.0,0.8651511669158936
2022-02-01,17529.44922,17622.40039,17244.55078,17576.84961,386400.0,0.0
2022-02-02,17706.19922,17794.59961,17674.80078,17780.0,271200.0,0.0
2022-02-03,17767.75,17781.15039,17511.15039,17560.19922,226600.0,0.0
2022-02-04,17590.19922,17617.80078,17462.55078,17516.30078,261400.0,0.2442986220121383
2022-02-07,17456.30078,17536.75,17119.40039,17213.59961,265000.0,0.0
2022-02-08,17279.84961,17306.44922,17043.65039,17266.75,268500.0,0.0
2022-02-09,17370.09961,17477.15039,17339.0,17463.80078,236400.0,0.0
2022-02-10,17554.09961,17639.44922,17427.15039,17605.84961,273600.0,0.911994695663452
2022-02-11,17451.0,17454.75,17303.0,17374.75,253100.0,0.0
2022-02-14,17076.15039,17099.5,16809.65039,16842.80078,305500.0,0.0
2022-02-15,16933.25,17375.0,16839.25,17352.44922,298700.0,0.2785471379756927
2022-02-16,17408.44922,17490.59961,17257.69922,17322.19922,244500.0,0.0
2022-02-17,17396.55078,17442.90039,17235.84961,17304.59961,232100.0,0.6698818206787109
2022-02-18,17236.05078,17380.80078,17219.19922,17276.30078,189600.0,0.8724245429039001
2022-02-21,17192.25,17351.05078,17070.69922,17206.65039,215200.0,0.0
2022-02-22,16847.94922,17148.55078,16843.80078,17092.19922,300100.0,0.0
2022-02-23,17194.5,17220.69922,17027.84961,17063.25,200200.0,0.9369738698005676
2022-02-24,16548.90039,16705.25,16203.25,16247.9502,458000.0,0.0
2022-02-25,16515.65039,16748.80078,16478.30078,16658.40039,329800.0,0.0
2022-02-28,16481.59961,16815.90039,16356.2998,16793.90039,404200.0,0.0
2022-03-02,16593.09961,16678.5,16478.65039,16605.94922,517700.0,0.0
2022-03-03,16723.19922,16768.94922,16442.94922,16498.05078,442100.0,0.0
2022-03-04,16339.4502,16456.0,16133.7998,16245.34961,456100.0,0.0
2022-03-07,15867.9502,15944.59961,15711.4502,15863.15039,585400.0,0.0
2022-03-08,15747.75,16028.75,15671.4502,16013.4502,543600.0,0.0736553966999054
2022-03-09,16078.0,16418.05078,15990.0,16345.34961,462200.0,0.0
2022-03-10,16757.09961,16757.30078,16447.90039,16594.90039,486400.0,0.0
2022-03-11,16528.80078,16694.40039,16470.90039,16630.44922,343700.0,0.0
2022-03-14,16633.69922,16887.94922,16606.5,16871.30078,314700.0,0.0
2022-03-15,16900.65039,16927.75,16555.0,16663.0,381600.0,0.0
2022-03-16,16876.65039,16987.90039,16837.84961,16975.34961,260000.0,0.0
2022-03-17,17202.90039,17344.59961,17175.75,17287.05078,448300.0,0.0
2022-03-21,17329.5,17353.34961,17096.40039,17117.59961,285500.0,0.0
2022-03-22,17120.40039,17334.40039,17006.30078,17315.5,338300.0,0.0
2022-03-23,17405.05078,17442.40039,17199.59961,17245.65039,292100.0,0.0
2022-03-24,17094.94922,17291.75,17091.15039,17222.75,290300.0,0.0
2022-03-25,17289.0,17294.90039,17076.55078,17153.0,237100.0,0.0
2022-03-28,17181.84961,17235.09961,17003.90039,17222.0,253200.0,0.0
2022-03-29,17297.19922,17343.65039,17235.69922,17325.30078,235100.0,0.0
2022-03-30,17468.15039,17522.5,17387.19922,17498.25,505000.0,0.0
2022-03-31,17519.19922,17559.80078,17435.19922,17464.75,281100.0,0.0
2022-04-01,17436.90039,17703.69922,17422.69922,17670.44922,291800.0,0.0
2022-04-04,17809.09961,18114.65039,17791.40039,18053.40039,345500.0,0.0
2022-04-05,18080.59961,18095.44922,17921.55078,17957.40039,283500.0,0.0
2022-04-06,17842.75,17901.0,17779.84961,17807.65039,328800.0,0.0
2022-04-07,17723.30078,17787.5,17623.69922,17639.55078,308800.0,0.0
2022-04-08,17698.15039,17842.75,17600.55078,17784.34961,274400.0,0.9279659986495972
2022-04-11,17740.90039,17779.05078,17650.94922,17674.94922,251700.0,0.0
2022-04-12,17584.84961,17595.30078,17442.34961,17530.30078,266000.0,0.9341242015361786
2022-04-13,17599.90039,17663.65039,17457.40039,17475.65039,245100.0,0.0
2022-04-18,17183.44922,17237.75,17067.84961,17173.65039,376100.0,0.0
2022-04-19,17258.94922,17275.65039,16824.69922,16958.65039,401400.0,0.9363007545471193
2022-04-20,17045.25,17186.90039,16978.94922,17136.55078,286100.0,-0.51385018825531
2022-04-21,17234.59961,17414.69922,17215.5,17392.59961,285200.0,-0.6814191341400146
2022-04-22,17242.75,17315.30078,17149.19922,17171.94922,262700.0,0.5938709378242493
2022-04-25,17009.05078,17054.30078,16888.69922,16953.94922,275700.0,-0.4953755736351013
2022-04-26,17121.30078,17223.84961,17064.44922,17200.80078,261100.0,0.9370520114898682
2022-04-27,17073.34961,17110.69922,16958.44922,17038.40039,265100.0,0.914371391137441
2022-04-28,17189.5,17322.5,17071.05078,17245.05078,312900.0,0.9158602952957152
2022-04-29,17329.25,17377.65039,17053.25,17102.55078,336200.0,0.6293041557073593
2022-05-02,16924.44922,17092.25,16917.25,17069.09961,278200.0,0.0
2022-05-04,17096.59961,17132.84961,16623.94922,16677.59961,310600.0,0.0
2022-05-05,16854.75,16945.69922,16651.84961,16682.65039,265800.0,0.1906187534332275
2022-05-06,16415.55078,16484.19922,16340.90039,16411.25,300500.0,0.8441453576087952
2022-05-09,16227.7002,16403.69922,16142.09961,16301.84961,288400.0,0.0
2022-05-10,16248.90039,16404.55078,16197.2998,16240.0498,283100.0,0.0
2022-05-11,16270.0498,16318.75,15992.59961,16167.09961,284300.0,0.0
2022-05-12,16021.09961,16041.9502,15735.75,15808.0,314900.0,0.6308798256019751
2022-05-13,15977.0,16083.59961,15740.84961,15782.15039,369100.0,0.0
2022-05-16,15845.09961,15977.9502,15739.65039,15842.2998,217600.0,0.8580746054649353
2022-05-17,15912.59961,16284.25,15900.7998,16259.2998,295700.0,0.0
2022-05-18,16318.15039,16399.80078,16211.2002,16240.2998,290400.0,0.0
2022-05-19,15917.40039,15984.75,15775.2002,15809.40039,313900.0,0.0
2022-05-20,16043.7998,16283.0498,16003.84961,16266.15039,252400.0,0.1721493601799011
2022-05-23,16290.9502,16414.69922,16185.75,16214.7002,293800.0,0.0
2022-05-24,16225.5498,16262.7998,16078.59961,16125.15039,249800.0,0.929961085319519
2022-05-25,16196.34961,16223.34961,16006.9502,16025.7998,243300.0,-0.9585402607917786
2022-05-26,16105.0,16204.4502,15903.7002,16170.15039,314300.0,0.0
2022-05-27,16296.59961,16370.59961,16221.9502,16352.4502,274100.0,0.0
2022-05-30,16527.90039,16695.5,16506.15039,16661.40039,251400.0,0.0385000060002009
2022-05-31,16578.44922,16690.75,16521.90039,16584.55078,651600.0,0.1603711247444152
2022-06-01,16594.40039,16649.19922,16438.84961,16522.75,249600.0,0.0
2022-06-02,16481.65039,16646.40039,16443.05078,16628.0,236000.0,0.0
2022-06-03,16761.65039,16793.84961,16567.90039,16584.30078,245500.0,0.0
2022-06-06,16530.69922,16610.94922,16444.55078,16569.55078,233600.0,0.0
2022-06-07,16469.59961,16487.25,16347.09961,16416.34961,233800.0,0.7988095283508301
2022-06-08,16474.94922,16514.30078,16293.34961,16356.25,243500.0,0.9281668066978456
2022-06-09,16263.84961,16492.80078,16243.84961,16478.09961,205000.0,0.0
2022-06-10,16283.9502,16324.7002,16172.59961,16201.7998,189700.0,0.9099747538566588
2022-06-13,15877.5498,15886.15039,15684.0,15774.40039,225500.0,-0.9480471611022948
2022-06-14,15674.25,15858.0,15659.4502,15732.09961,225400.0,0.9268021583557128
2022-06-15,15729.25,15783.65039,15678.90039,15692.15039,183000.0,0.9204662442207336
2022-06-16,15832.25,15863.15039,15335.09961,15360.59961,264700.0,0.8980488181114197
2022-06-17,15272.65039,15400.40039,15183.40039,15293.5,342600.0,0.9391323328018188
2022-06-20,15334.5,15382.5,15191.09961,15350.15039,260000.0,0.0
2022-06-21,15455.9502,15707.25,15419.84961,15638.7998,262800.0,0.0
2022-06-22,15545.65039,15565.40039,15385.9502,15413.2998,220900.0,0.2575244903564453
2022-06-23,15451.5498,15628.4502,15367.5,15556.65039,259200.0,0.0
2022-06-24,15657.40039,15749.25,15619.4502,15699.25,219600.0,0.0
2022-06-27,15926.2002,15927.4502,15815.5,15832.0498,210900.0,0.4655206520110369
2022-06-28,15757.4502,15892.09961,15710.15039,15850.2002,251900.0,0.0
2022-06-29,15701.7002,15861.59961,15687.7998,15799.09961,444900.0,-0.1855290383100509
2022-06-30,15774.5,15890.0,15728.84961,15780.25,306000.0,0.0
2022-07-01,15703.7002,15793.9502,15511.0498,15752.0498,364100.0,0.0
2022-07-04,15710.5,15852.34961,15661.7998,15835.34961,304300.0,0.0
2022-07-05,15909.15039,16025.75,15785.4502,15810.84961,254200.0,0.0
2022-07-06,15818.2002,16011.34961,15800.90039,15989.7998,288400.0,0.8984880447387695
2022-07-07,16113.75,16150.5,16045.9502,16132.90039,264600.0,0.9310590624809264
2022-07-08,16273.65039,16275.5,16157.90039,16220.59961,281100.0,0.0
2022-07-11,16136.15039,16248.5498,16115.5,16216.0,255900.0,0.0
2022-07-12,16126.2002,16158.75,16031.15039,16058.2998,208600.0,0.0
2022-07-13,16128.2002,16140.0,15950.15039,15966.65039,233300.0,0.0
2022-07-14,16018.84961,16070.84961,15858.2002,15938.65039,228600.0,0.0
2022-07-15,16010.7998,16066.9502,15927.2998,16049.2002,205800.0,0.0
2022-07-18,16151.40039,16287.9502,16142.2002,16278.5,227700.0,0.0
2022-07-19,16187.0498,16359.5,16187.0498,16340.5498,222600.0,0.0
2022-07-20,16562.80078,16588.0,16490.94922,16520.84961,284400.0,0.0
2022-07-21,16523.55078,16626.94922,16483.90039,16605.25,243600.0,-0.7919148802757263
2022-07-22,16661.25,16752.25,16610.90039,16719.44922,190900.0,-0.0056306421756743
2022-07-25,16662.55078,16706.05078,16564.25,16631.0,211400.0,0.2305188477039337
2022-07-26,16632.90039,16636.09961,16463.30078,16483.84961,208200.0,0.6270767358633188
2022-07-27,16475.34961,16653.44922,16438.75,16641.80078,185200.0,0.5692937937047746
2022-07-28,16774.84961,16947.65039,16746.25,16929.59961,376300.0,0.4079177241240229
2022-07-29,17079.5,17172.80078,17018.15039,17158.25,436100.0,0.4906665083641807
2022-08-01,17243.19922,17356.25,17154.80078,17340.05078,381500.0,0.3241842463612556
2022-08-02,17310.15039,17390.15039,17215.84961,17345.44922,333600.0,0.3469789698719978
2022-08-03,17349.25,17407.5,17225.84961,17388.15039,285400.0,0.2664614275097847
2022-08-04,17463.09961,17490.69922,17161.25,17382.0,325000.0,0.238671975210309
2022-08-05,17423.65039,17474.40039,17348.75,17397.5,355300.0,0.9327926635742188
2022-08-08,17401.5,17548.80078,17359.75,17525.09961,257000.0,-0.2195446364581585
2022-08-10,17566.09961,17566.09961,17442.80078,17534.75,312700.0,0.5963722616434097
2022-08-11,17711.65039,17719.30078,17631.94922,17659.0,311200.0,0.6068903859704732
2022-08-12,17659.65039,17724.65039,17597.84961,17698.15039,303900.0,0.3761880539357662
2022-08-16,17797.19922,17839.09961,17764.05078,17825.25,0.0,0.5240674894303083
2022-08-17,17868.15039,17965.94922,17833.34961,17944.25,262800.0,0.4521773278713226
2022-08-18,17898.65039,17968.44922,17852.05078,17956.5,263900.0,0.469668285548687
2022-08-19,17966.55078,17992.19922,17710.75,17758.44922,295600.0,0.6179030438264211
2022-08-22,17682.90039,17690.05078,17467.34961,17490.69922,287600.0,0.0
2022-08-23,17357.34961,17625.55078,17345.19922,17577.5,285600.0,0.0
2022-08-24,17525.44922,17623.65039,17499.25,17604.94922,262000.0,0.0
2022-08-25,17679.0,17726.5,17487.44922,17522.44922,230200.0,0.9247002601623536
2022-08-26,17619.30078,17685.84961,17519.34961,17558.90039,266600.0,0.0442828560868898
2022-08-29,17188.65039,17380.15039,17166.19922,17312.90039,244900.0,0.817072331905365
2022-08-30,17414.94922,17777.65039,17401.5,17759.30078,324700.0,0.0
2022-09-01,17485.69922,17695.59961,17468.44922,17542.80078,308500.0,0.5809642821550369
2022-09-02,17598.40039,17643.84961,17476.44922,17539.44922,256300.0,0.8628799915313721
2022-09-05,17546.44922,17683.15039,17540.34961,17665.80078,230300.0,0.0
2022-09-06,17695.69922,17764.65039,17587.65039,17655.59961,251200.0,0.7346700131893158
2022-09-07,17519.40039,17650.75,17484.30078,17624.40039,354100.0,0.835185706615448
2022-09-08,17748.15039,17807.65039,17691.94922,17798.75,279800.0,0.9365792274475098
2022-09-09,17923.34961,17925.94922,17786.0,17833.34961,270300.0,0.6351148560643196
2022-09-12,17890.84961,17980.55078,17889.15039,17936.34961,228200.0,0.8471173048019409
2022-09-13,18044.44922,18088.30078,18015.44922,18070.05078,259900.0,0.4356414601206779
2022-09-14,17771.15039,18091.55078,17771.15039,18003.75,365900.0,0.8559189140796661
2022-09-15,18046.34961,18096.15039,17861.5,17877.40039,289600.0,0.3890844310323397
2022-09-16,17796.80078,17820.05078,17497.25,17530.84961,468500.0,0.0907704681158065
2022-09-19,17540.65039,17667.19922,17429.69922,17622.25,258300.0,0.0
2022-09-20,17770.40039,17919.30078,17744.40039,17816.25,263100.0,-0.8753600716590881
2022-09-21,17766.34961,17838.69922,17663.59961,17718.34961,245500.0,-0.7255945801734924
2022-09-22,17609.65039,17722.75,17532.44922,17629.80078,284100.0,0.938795268535614
2022-09-23,17593.84961,17642.15039,17291.65039,17327.34961,390800.0,0.0
2022-09-26,17156.30078,17196.40039,16978.30078,17016.30078,492000.0,0.9199928045272828
2022-09-27,17110.90039,17176.44922,16942.34961,17007.40039,359900.0,0.5676152855157852
2022-09-28,16870.55078,17037.59961,16820.40039,16858.59961,323900.0,0.0
2022-09-29,16993.59961,17026.05078,16788.59961,16818.09961,340000.0,0.0
2022-09-30,16798.05078,17187.09961,16747.69922,17094.34961,376100.0,0.1447211354970932
2022-10-03,17102.09961,17114.65039,16855.55078,16887.34961,278400.0,-0.4552982375025749
2022-10-04,17147.44922,17287.30078,17117.30078,17274.30078,226000.0,0.6601956337690353
2022-10-06,17379.25,17428.80078,17315.65039,17331.80078,265500.0,0.932792901992798
2022-10-07,17287.19922,17337.34961,17216.94922,17314.65039,216300.0,-0.0152047276496886
2022-10-10,17094.34961,17280.15039,17064.69922,17241.0,234000.0,0.4560088515281677
2022-10-11,17256.05078,17261.80078,16950.30078,16983.55078,282600.0,0.5845124100645384
2022-10-12,17025.55078,17142.34961,16960.05078,17123.59961,256000.0,0.5947060627596719
2022-10-13,17087.34961,17112.34961,16956.94922,17014.34961,266400.0,0.6077932313084602
2022-10-14,17322.30078,17348.55078,17169.75,17185.69922,227000.0,0.4773215543892648
2022-10-17,17144.80078,17328.55078,17098.55078,17311.80078,212200.0,0.8597883532444636
2022-10-18,17438.75,17527.80078,17434.05078,17486.94922,239500.0,0.4129642248153686
2022-10-19,17568.15039,17607.59961,17472.84961,17512.25,210500.0,0.0711528460184733
2022-10-20,17423.09961,17584.15039,17421.0,17563.94922,249600.0,0.3389558204346233
2022-10-21,17622.84961,17670.15039,17520.75,17576.30078,277700.0,0.6434905529022217
2022-10-24,17736.34961,17777.55078,17707.40039,17730.75,45000.0,0.4409957684968647
2022-10-25,17808.30078,17811.5,17637.0,17656.34961,251400.0,0.7480425663292408
2022-10-27,17771.40039,17783.90039,17654.5,17736.94922,324600.0,0.6168103984424046
2022-10-28,17756.40039,17838.90039,17723.69922,17786.80078,250000.0,0.6713792756199837
2022-10-31,17910.19922,18022.80078,17899.90039,18012.19922,227200.0,0.1104429489932954
2022-11-01,18130.69922,18175.80078,18060.15039,18145.40039,349900.0,0.670159297233278
2022-11-02,18177.90039,18178.75,18048.65039,18082.84961,270900.0,0.4831099823117256
2022-11-03,17968.34961,18106.30078,17959.19922,18052.69922,213000.0,0.6981441477934519
2022-11-04,18053.40039,18135.09961,18017.15039,18117.15039,267900.0,0.6363078100340707
2022-11-07,18211.75,18255.5,18064.75,18202.80078,314800.0,0.1798439502716064
2022-11-09,18288.25,18296.40039,18117.5,18157.0,307200.0,0.5331494153610298
2022-11-10,18044.34961,18103.09961,17969.40039,18028.19922,256500.0,0.0
2022-11-11,18272.34961,18362.30078,18259.34961,18349.69922,378500.0,0.5312560175855955
2022-11-14,18376.40039,18399.44922,18311.40039,18329.15039,301400.0,0.917888879776001
2022-11-15,18362.75,18427.94922,18282.0,18403.40039,250900.0,0.2790928855538368
2022-11-16,18398.25,18442.15039,18344.15039,18409.65039,219300.0,-0.8914456963539124
2022-11-17,18358.69922,18417.59961,18312.94922,18343.90039,200500.0,0.5987121956422925
2022-11-18,18382.94922,18394.59961,18209.80078,18307.65039,198800.0,0.7923160195350647
2022-11-21,18246.40039,18262.30078,18133.34961,18159.94922,213800.0,0.7441996783018112
2022-11-22,18179.15039,18261.84961,18137.69922,18244.19922,177700.0,0.1862136274576187
2022-11-23,18325.19922,18325.40039,18246.0,18267.25,178800.0,0.0
2022-11-24,18326.09961,18529.69922,18294.25,18484.09961,204000.0,-0.9035502672195436
2022-11-25,18528.44922,18534.90039,18445.09961,18512.75,205900.0,0.8407987952232361
2022-11-28,18430.55078,18614.25,18365.59961,18562.75,206500.0,0.6755272597074509
2022-11-29,18552.44922,18678.09961,18552.15039,18618.05078,195300.0,0.3587529212236404
2022-11-30,18625.69922,18816.05078,18616.55078,18758.34961,345600.0,0.0308781191706657
2022-12-01,18871.94922,18887.59961,18778.19922,18812.5,325000.0,0.7213043669859568
2022-12-02,18752.40039,18781.94922,18639.19922,18696.09961,254400.0,0.932677149772644
2022-12-05,18719.55078,18728.59961,18591.34961,18701.05078,288400.0,0.6856829822063446
2022-12-06,18600.65039,18654.90039,18577.90039,18642.75,217800.0,0.481487475335598
2022-12-07,18638.84961,18668.30078,18528.40039,18560.5,200500.0,0.0
2022-12-08,18570.84961,18625.0,18536.94922,18609.34961,202800.0,0.0254188527663548
2022-12-09,18662.40039,18664.69922,18410.09961,18496.59961,215800.0,0.8026515245437622
2022-12-12,18402.15039,18521.55078,18345.69922,18497.15039,193900.0,-0.5097867747147878
2022-12-13,18524.40039,18617.25,18490.19922,18608.0,187600.0,-0.8538936376571655
2022-12-14,18671.25,18696.09961,18632.90039,18660.30078,208000.0,0.8637956142425537
2022-12-15,18614.40039,18652.90039,18387.69922,18414.90039,183100.0,-0.3062838613986969
2022-12-16,18319.09961,18440.94922,18255.15039,18269.0,277700.0,0.8489768505096436
2022-12-19,18288.09961,18431.65039,18244.55078,18420.44922,154800.0,0.9372557699680328
2022-12-20,18340.30078,18404.90039,18202.65039,18385.30078,169000.0,-0.4011848568916321
2022-12-21,18435.15039,18473.34961,18162.75,18199.09961,187600.0,0.0
2022-12-22,18288.80078,18318.75,18068.59961,18127.34961,195700.0,0.9236952662467957
2022-12-23,17977.65039,18050.44922,17779.5,17806.80078,221500.0,0.8999228477478027
2022-12-26,17830.40039,18084.09961,17774.25,18014.59961,176700.0,0.0613970607519149
2022-12-27,18089.80078,18149.25,17967.44922,18132.30078,214300.0,0.8907697796821594
2022-12-28,18084.75,18173.09961,18068.34961,18122.5,193900.0,0.9388731718063354
2022-12-29,18045.69922,18229.69922,17992.80078,18191.0,281100.0,-0.8675102591514587
2022-12-30,18259.09961,18265.25,18080.30078,18105.30078,192000.0,0.0
2023-01-02,18131.69922,18215.15039,18086.5,18197.44922,256100.0,0.0
2023-01-03,18163.19922,18251.94922,18149.80078,18232.55078,208700.0,0.8070194125175476
2023-01-04,18230.65039,18243.0,18020.59961,18042.94922,235200.0,0.0
2023-01-05,18101.94922,18120.30078,17892.59961,17992.15039,269900.0,0.0
2023-01-06,18008.05078,18047.40039,17795.55078,17859.44922,238200.0,0.0
2023-01-09,17952.55078,18141.40039,17936.15039,18101.19922,257200.0,0.0
2023-01-10,18121.30078,18127.59961,17856.0,17914.15039,283300.0,0.0
2023-01-11,17924.25,17976.34961,17824.34961,17895.69922,259900.0,0.0
2023-01-12,17920.84961,17945.80078,17761.65039,17858.19922,227800.0,0.0
2023-01-13,17867.5,17999.34961,17774.25,17956.59961,256700.0,0.0
2023-01-16,18033.15039,18049.65039,17853.65039,17894.84961,206200.0,0.0
2023-01-17,17922.80078,18072.05078,17886.94922,18053.30078,219100.0,0.0
2023-01-18,18074.30078,18183.75,18032.44922,18165.34961,255800.0,0.0
2023-01-19,18119.80078,18155.19922,18063.75,18107.84961,237800.0,0.0
2023-01-20,18115.59961,18145.44922,18016.19922,18027.65039,237200.0,0.0
2023-01-23,18118.44922,18162.59961,18063.44922,18118.55078,202500.0,0.0
2023-01-24,18183.94922,18201.25,18078.65039,18118.30078,216900.0,0.9020849466323853
2023-01-25,18093.34961,18100.59961,17846.15039,17891.94922,257200.0,-0.8547231554985046
2023-01-27,17877.19922,17884.75,17493.55078,17604.34961,476300.0,0.0
2023-01-30,17541.94922,17709.15039,17405.55078,17648.94922,432400.0,-0.4720948934555053
2023-01-31,17731.44922,17735.69922,17537.55078,17662.15039,398300.0,0.0
2023-02-01,17811.59961,17972.19922,17353.40039,17616.30078,512900.0,0.0
2023-02-02,17517.09961,17653.90039,17445.94922,17610.40039,490100.0,0.6432423684746027
2023-02-03,17721.75,17870.30078,17584.19922,17854.05078,424100.0,0.0
2023-02-06,17818.55078,17823.69922,17698.34961,17764.59961,282500.0,-0.1564767062664031
2023-02-07,17790.09961,17811.15039,17652.55078,17721.5,354400.0,-0.013678640127182
2023-02-08,17750.30078,17898.69922,17744.15039,17871.69922,291000.0,0.0
2023-02-09,17885.5,17916.90039,17779.80078,17893.44922,260900.0,0.0
2023-02-10,17847.55078,17876.94922,17801.0,17856.5,232000.0,0.0
2023-02-13,17859.09961,17880.69922,17719.75,17770.90039,231300.0,-0.9085114598274232
2023-02-14,17840.34961,17954.55078,17800.05078,17929.84961,244500.0,0.301728864510854
2023-02-15,17896.59961,18034.09961,17853.80078,18015.84961,229300.0,0.0
2023-02-16,18094.75,18134.75,18000.65039,18035.84961,230200.0,0.0
2023-02-17,17974.84961,18034.25,17884.59961,17944.19922,208100.0,0.0
2023-02-20,17965.55078,18004.34961,17818.40039,17844.59961,174600.0,0.0
2023-02-21,17905.80078,17924.90039,17800.30078,17826.69922,198200.0,0.0
2023-02-22,17755.34961,17772.5,17529.44922,17554.30078,204000.0,0.0
2023-02-23,17574.65039,17620.05078,17455.40039,17511.25,240800.0,0.0
2023-02-24,17591.34961,17599.75,17421.80078,17465.80078,209400.0,0.0
2023-02-27,17428.59961,17451.59961,17299.0,17392.69922,246400.0,0.0
2023-02-28,17383.25,17440.44922,17255.19922,17303.94922,420900.0,0.0
2023-03-01,17360.09961,17467.75,17345.25,17450.90039,272900.0,0.0
2023-03-02,17421.5,17445.80078,17306.0,17321.90039,310700.0,0.0
2023-03-03,17451.25,17644.75,17427.69922,17594.34961,356200.0,0.0
2023-03-06,17680.34961,17799.94922,17671.94922,17711.44922,362800.0,0.0
2023-03-08,17665.75,17766.5,17602.25,17754.40039,267000.0,-0.0399296879768371
2023-03-09,17772.05078,17772.34961,17573.59961,17589.59961,262400.0,0.4599538221955299
2023-03-10,17443.80078,17451.5,17324.34961,17412.90039,235900.0,0.0
2023-03-13,17421.90039,17529.90039,17113.44922,17154.30078,254900.0,0.0
2023-03-14,17160.55078,17224.65039,16987.09961,17043.30078,290600.0,0.8752949237823486
2023-03-15,17166.44922,17211.34961,16938.90039,16972.15039,248200.0,0.0
2023-03-16,16994.65039,17062.44922,16850.15039,16985.59961,349800.0,0.0
2023-03-17,17111.80078,17145.80078,16958.15039,17100.05078,408100.0,0.0
2023-03-20,17066.59961,17066.59961,16828.34961,16988.40039,241800.0,0.0
2023-03-21,17060.40039,17127.69922,17016.0,17107.5,246700.0,0.0
2023-03-22,17177.44922,17207.25,17107.84961,17151.90039,0.0,0.0
2023-03-23,17097.40039,17205.40039,17045.30078,17076.90039,219200.0,0.0
2023-03-24,17076.19922,17109.44922,16917.34961,16945.05078,228000.0,0.2040699273347854
2023-03-27,16984.30078,17091.0,16918.55078,16985.69922,218400.0,0.0
2023-03-28,17031.75,17061.75,16913.75,16951.69922,238800.0,0.0
2023-03-29,16977.30078,17126.15039,16940.59961,17080.69922,345900.0,0.0
2023-03-31,17210.34961,17381.59961,17204.65039,17359.75,263900.0,0.0
2023-04-03,17427.94922,17428.05078,17312.75,17398.05078,230200.0,0.0
2023-04-05,17422.30078,17570.55078,17402.69922,17557.05078,248300.0,0.9282737374305724
2023-04-06,17533.84961,17638.69922,17502.84961,17599.15039,242700.0,0.0
2023-04-10,17634.90039,17694.09961,17597.94922,17624.05078,254800.0,0.9081472158432008
2023-04-11,17704.80078,17748.75,17655.15039,17722.30078,304300.0,0.0
2023-04-12,17759.55078,17825.75,17717.25,17812.40039,232800.0,0.0
2023-04-13,17807.30078,17842.15039,17729.65039,17828.0,285800.0,0.9289629757404329
2023-04-17,17863.0,17863.0,17574.05078,17706.84961,357400.0,0.0
2023-04-18,17766.59961,17766.59961,17610.19922,17660.15039,258900.0,0.0
2023-04-19,17653.34961,17666.15039,17579.84961,17618.75,281500.0,0.0
2023-04-20,17638.59961,17684.44922,17584.34961,17624.44922,215100.0,0.0
2023-04-21,17639.75,17663.19922,17553.94922,17624.05078,230200.0,0.930234670639038
2023-04-24,17707.55078,17754.5,17612.5,17743.40039,255700.0,0.0
2023-04-25,17761.55078,17807.44922,17716.84961,17769.25,297400.0,0.0
2023-04-26,17767.30078,17827.75,17711.19922,17813.59961,233000.0,0.3005155722300211
2023-04-27,17813.09961,17931.59961,17797.90039,17915.05078,241400.0,0.9107393026351928
2023-04-28,17950.40039,18089.15039,17885.30078,18065.0,290300.0,0.2278589950874447
2023-05-02,18124.80078,18180.25,18101.75,18147.65039,265200.0,-0.9065728783607484
2023-05-03,18113.80078,18116.34961,18042.40039,18089.84961,226200.0,0.1579393943150838
2023-05-04,18081.0,18267.44922,18066.69922,18255.80078,226600.0,0.7402545213699341
2023-05-05,18117.30078,18216.94922,18055.44922,18069.0,239700.0,0.4057639390230178
2023-05-08,18120.59961,18286.94922,18100.30078,18264.40039,228400.0,0.9382309913635254
2023-05-09,18303.40039,18344.19922,18229.65039,18265.94922,245400.0,0.5028366819024086
2023-05-10,18313.59961,18326.75,18211.94922,18315.09961,220500.0,0.0
2023-05-11,18357.80078,18389.69922,18270.40039,18297.0,248900.0,0.0
2023-05-12,18273.75,18342.75,18194.55078,18314.80078,241700.0,0.0
2023-05-15,18339.30078,18458.90039,18287.90039,18398.84961,216100.0,0.0536536574363708
2023-05-16,18432.34961,18432.34961,18264.34961,18286.5,219500.0,0.0
2023-05-17,18300.44922,18309.0,18115.34961,18181.75,229900.0,0.9381171464920044
2023-05-18,18287.5,18297.19922,18104.84961,18129.94922,272100.0,0.0601029247045517
2023-05-19,18186.15039,18218.09961,18060.40039,18203.40039,260900.0,0.2978883186976115
2023-05-22,18201.09961,18335.25,18178.84961,18314.40039,262600.0,0.0
2023-05-23,18362.90039,18419.75,18324.19922,18348.0,270400.0,-0.1197119653224944
2023-05-24,18294.80078,18392.59961,18262.94922,18285.40039,232600.0,0.3520315624773502
2023-05-25,18268.90039,18338.09961,18202.40039,18321.15039,235900.0,0.0
2023-05-26,18368.34961,18508.55078,18333.15039,18499.34961,198700.0,-0.9428580403327942
2023-05-29,18619.15039,18641.19922,18581.25,18598.65039,265300.0,0.0
2023-05-30,18606.65039,18662.44922,18575.5,18633.84961,234400.0,0.3052893429994583
2023-05-31,18594.19922,18603.90039,18483.84961,18534.40039,696500.0,0.0
2023-06-01,18579.40039,18580.30078,18464.55078,18487.75,265600.0,0.931333601474762
2023-06-02,18550.84961,18573.69922,18478.40039,18534.09961,270900.0,0.0
2023-06-05,18612.0,18640.15039,18582.80078,18593.84961,256100.0,0.0
2023-06-06,18600.80078,18622.75,18531.59961,18599.0,220800.0,0.0
2023-06-07,18665.59961,18738.94922,18636.0,18726.40039,260100.0,0.0
2023-06-08,18725.34961,18777.90039,18615.59961,18634.55078,286500.0,0.0
2023-06-09,18655.90039,18676.65039,18555.40039,18563.40039,221800.0,0.0
2023-06-12,18595.05078,18633.59961,18559.75,18601.5,179500.0,0.0
2023-06-13,18631.80078,18728.90039,18631.80078,18716.15039,233200.0,0.9012803435325624
2023-06-14,18744.59961,18769.69922,18690.0,18755.90039,261400.0,0.0
2023-06-15,18774.44922,18794.09961,18669.05078,18688.09961,263000.0,0.8270508944988251
2023-06-16,18723.30078,18864.69922,18710.5,18826.0,272800.0,0.0
2023-06-19,18873.30078,18881.44922,18719.15039,18755.44922,219800.0,0.1284548491239547
2023-06-20,18752.34961,18839.69922,18660.65039,18816.69922,211600.0,0.9348058700561525
2023-06-21,18849.40039,18875.90039,18794.84961,18856.84961,217500.0,0.937101662158966
2023-06-22,18853.59961,18886.59961,18759.5,18771.25,252700.0,0.0
2023-06-23,18741.84961,18756.40039,18647.09961,18665.5,210600.0,0.8505590756734213
2023-06-26,18682.34961,18722.05078,18646.69922,18691.19922,171300.0,0.0
2023-06-27,18748.55078,18829.25,18714.25,18817.40039,222500.0,-0.5224207639694214
2023-06-28,18908.15039,19011.25,18861.34961,18972.09961,398800.0,0.1705773994326591
2023-06-30,19076.84961,19201.69922,19024.59961,19189.05078,247900.0,0.0
2023-07-03,19246.5,19345.09961,19234.40039,19322.55078,226100.0,0.0
2023-07-04,19406.59961,19434.15039,19300.0,19389.0,226900.0,0.0
2023-07-05,19405.94922,19421.59961,19339.59961,19398.5,224400.0,0.4852616041898727
2023-07-06,19385.69922,19512.19922,19373.0,19497.30078,268300.0,-0.5794621109962463
2023-07-07,19422.80078,19523.59961,19303.59961,19331.80078,237100.0,-0.7663508653640747
2023-07-10,19400.34961,19435.84961,19327.09961,19355.90039,268200.0,0.0
2023-07-11,19427.09961,19515.09961,19406.44922,19439.40039,251300.0,0.885932207107544
2023-07-12,19497.44922,19507.69922,19361.75,19384.30078,327900.0,0.841427723566691
2023-07-13,19495.19922,19567.0,19385.80078,19413.75,310400.0,-0.6499115029970804
2023-07-14,19493.44922,19595.34961,19433.5,19564.5,291200.0,-0.6448569416999816
2023-07-17,19612.15039,19731.84961,19562.94922,19711.44922,268700.0,0.4480754852294922
2023-07-18,19787.5,19819.44922,19690.19922,19749.25,286400.0,0.3611697889864445
2023-07-19,19802.94922,19851.69922,19727.44922,19833.15039,259700.0,0.8452319701512655
2023-07-20,19831.69922,19991.84961,19758.40039,19979.15039,274700.0,0.0519861578941345
2023-07-21,19800.44922,19887.40039,19700.0,19745.0,312500.0,0.2966049483844212
2023-07-24,19748.44922,19782.75,19658.30078,19672.34961,265600.0,0.469706369297845
2023-07-25,19729.34961,19729.34961,19615.94922,19680.59961,369700.0,-0.0106291621923446
2023-07-26,19733.34961,19825.59961,19716.69922,19778.30078,244700.0,-0.1628240435384214
2023-07-27,19850.90039,19867.55078,19603.55078,19659.90039,334900.0,0.5830993592739105
2023-07-28,19659.75,19695.90039,19563.09961,19646.05078,258700.0,0.2485326720135552
2023-07-31,19666.34961,19772.75,19597.59961,19753.80078,295100.0,0.4207720106298273
2023-08-01,19784.0,19795.59961,19704.59961,19733.55078,298000.0,0.2879331906636556
2023-08-02,19655.40039,19678.25,19423.55078,19526.55078,290700.0,-0.3322619001070658
2023-08-03,19463.75,19537.65039,19296.44922,19381.65039,315700.0,-0.0236634016036987
2023-08-04,19462.80078,19538.84961,19436.44922,19517.0,280800.0,-0.1551205962896347
2023-08-07,19576.84961,19620.44922,19524.80078,19597.30078,216600.0,0.6912796199321747
2023-08-08,19627.19922,19634.40039,19533.09961,19570.84961,260300.0,-0.0454251170158386
2023-08-09,19578.80078,19645.5,19467.5,19632.55078,266500.0,0.6683186665177345
2023-08-10,19605.55078,19623.59961,19495.40039,19543.09961,312200.0,-0.3279195129871368
2023-08-11,19554.25,19557.75,19412.75,19428.30078,235500.0,0.8417785465717316
2023-08-14,19383.94922,19465.84961,19257.90039,19434.55078,243900.0,0.3359074890613556
2023-08-16,19369.0,19482.75,19317.19922,19465.0,0.0,0.7579362755641341
2023-08-17,19450.55078,19461.55078,19326.25,19365.25,268700.0,0.0494675040245056
2023-08-18,19301.75,19373.80078,19253.59961,19310.15039,256100.0,0.8717727065086365
2023-08-21,19320.65039,19425.94922,19296.30078,19393.59961,262600.0,-0.1801922678947448
2023-08-22,19417.09961,19443.5,19381.30078,19396.44922,208700.0,0.0
2023-08-23,19439.19922,19472.05078,19366.59961,19444.0,225200.0,0.0
2023-08-24,19535.15039,19584.44922,19369.0,19386.69922,268300.0,0.4339046999812125
2023-08-25,19297.40039,19339.55078,19229.69922,19265.80078,466500.0,0.0810830295085907
2023-08-28,19298.34961,19366.84961,19249.69922,19306.05078,248200.0,0.9121214747428894
2023-08-29,19374.84961,19377.90039,19309.09961,19342.65039,307400.0,0.2153631318360567
2023-08-30,19433.44922,19452.80078,19334.75,19347.44922,233000.0,0.8710454106330872
2023-08-31,19375.55078,19388.19922,19223.65039,19253.80078,562600.0,-0.058815449476242
2023-09-01,19258.15039,19458.55078,19255.69922,19435.30078,333000.0,0.0
2023-09-04,19525.05078,19545.15039,19432.84961,19528.80078,296800.0,0.6025157272815704
2023-09-05,19564.65039,19587.05078,19525.75,19574.90039,256800.0,0.8045715689659119
2023-09-06,19581.19922,19636.44922,19491.5,19611.05078,287600.0,0.0
2023-09-07,19598.65039,19737.0,19550.05078,19727.05078,304900.0,0.0
2023-09-08,19774.80078,19867.15039,19727.05078,19819.94922,288100.0,0.8755765855312347
2023-09-11,19890.0,20008.15039,19865.34961,19996.34961,248800.0,0.8276978135108948
2023-09-12,20110.15039,20110.34961,19914.65039,19993.19922,328100.0,0.9015050530433656
2023-09-13,19989.5,20096.90039,19944.09961,20070.0,251400.0,0.9258902668952942
2023-09-14,20127.94922,20167.65039,20043.44922,20103.09961,275100.0,0.814706563949585
2023-09-15,20156.44922,20222.44922,20129.69922,20192.34961,438200.0,-0.0063207739343246
2023-09-18,20155.94922,20195.34961,20115.69922,20133.30078,264900.0,0.841667652130127
2023-09-20,19980.75,20050.65039,19878.84961,19901.40039,378100.0,0.3023920059204101
2023-09-21,19840.55078,19848.75,19709.94922,19742.34961,275100.0,-0.5448225140571594
2023-09-22,19744.84961,19798.65039,19657.5,19674.25,246400.0,0.3569224029779434
2023-09-25,19678.19922,19734.15039,19601.55078,19674.55078,188400.0,0.9259278774261476
2023-09-26,19682.80078,19699.34961,19637.44922,19664.69922,204900.0,0.6776320338249207
2023-09-27,19637.05078,19730.69922,19554.0,19716.44922,203600.0,0.5357062816619873
2023-09-28,19761.80078,19766.65039,19492.09961,19523.55078,352800.0,0.0
2023-09-29,19581.19922,19726.25,19551.05078,19638.30078,243500.0,0.8476420044898987
2023-10-03,19622.40039,19623.19922,19479.65039,19528.75,221700.0,0.2213728626569111
2023-10-04,19446.30078,19457.80078,19333.59961,19436.09961,277100.0,0.9308348894119264
2023-10-05,19521.84961,19576.94922,19487.30078,19545.75,234900.0,0.4774630591273308
2023-10-06,19621.19922,19675.75,19589.40039,19653.5,159100.0,0.0
2023-10-09,19539.44922,19588.94922,19480.5,19512.34961,165100.0,-0.932959794998169
2023-10-10,19565.59961,19717.80078,19565.44922,19689.84961,216600.0,0.3418350517749786
2023-10-11,19767.0,19839.19922,19756.94922,19811.34961,213700.0,0.0458864718675613
2023-10-12,19822.69922,19843.30078,19772.65039,19794.0,217900.0,-0.1368027670042855
2023-10-13,19654.55078,19805.40039,19635.30078,19751.05078,255000.0,0.2368540403743585
2023-10-16,19737.25,19781.30078,19691.84961,19731.75,181000.0,0.5439919643104076
2023-10-17,19843.19922,19849.75,19775.65039,19811.5,185800.0,0.6651024706661701
2023-10-18,19820.44922,19840.94922,19659.94922,19671.09961,198900.0,0.7847736299037933
2023-10-19,19545.19922,19681.80078,19512.34961,19624.69922,230300.0,0.5833290761167352
2023-10-20,19542.15039,19593.80078,19518.69922,19542.65039,198300.0,0.3497644260525703
2023-10-23,19521.59961,19556.84961,19257.84961,19281.75,176000.0,0.5663407643636068
2023-10-25,19286.44922,19347.30078,19074.15039,19122.15039,225300.0,0.1387604892253875
2023-10-26,19027.25,19041.69922,18837.84961,18857.25,300400.0,0.0
2023-10-27,18928.75,19076.15039,18926.65039,19047.25,205200.0,0.492636698942918
2023-10-30,19053.40039,19158.5,18940.0,19140.90039,180100.0,0.7040935267101635
2023-10-31,19232.94922,19233.69922,19056.44922,19079.59961,206000.0,0.930782288312912
2023-11-01,19064.05078,19096.05078,18973.69922,18989.15039,194100.0,0.6653663665056229
2023-11-02,19120.0,19175.25,19064.15039,19133.25,245600.0,-0.0203672349452972
2023-11-03,19241.0,19276.25,19210.90039,19230.59961,189500.0,-0.0092730820178986
2023-11-06,19345.84961,19423.0,19309.69922,19411.75,180700.0,0.2610450655221938
2023-11-07,19404.05078,19423.5,19329.09961,19406.69922,198700.0,0.6455665349960327
2023-11-08,19449.59961,19464.40039,19401.5,19443.5,195000.0,0.3435303680598735
2023-11-09,19457.40039,19463.90039,19378.34961,19395.30078,208400.0,0.0624067435661952
2023-11-10,19351.84961,19451.30078,19329.44922,19425.34961,152200.0,0.2520622350275517
2023-11-13,19486.75,19494.40039,19414.75,19443.55078,189300.0,0.917888641357422
2023-11-15,19651.40039,19693.19922,19579.65039,19675.44922,291500.0,-0.073513314127922
2023-11-16,19674.69922,19875.25,19627.0,19765.19922,282700.0,-0.4816791117191314
2023-11-17,19674.75,19806.0,19667.44922,19731.80078,236800.0,0.8457379341125488
2023-11-20,19731.15039,19756.44922,19670.5,19694.0,173800.0,0.0
2023-11-21,19770.90039,19829.09961,19754.05078,19783.40039,195000.0,0.0
2023-11-22,19784.0,19825.55078,19703.84961,19811.84961,184500.0,0.0
2023-11-23,19828.44922,19875.15039,19786.75,19802.0,170000.0,0.0
2023-11-24,19809.59961,19832.84961,19768.84961,19794.69922,145900.0,0.8890080650647482
2023-11-28,19844.65039,19916.84961,19800.0,19889.69922,229600.0,0.0
2023-11-29,19976.55078,20104.65039,19956.30078,20096.59961,236200.0,0.0
2023-11-30,20108.5,20158.69922,20015.84961,20133.15039,486600.0,0.4911141991615295
2023-12-01,20194.09961,20291.55078,20183.69922,20267.90039,265800.0,0.9267632067203522
2023-12-04,20601.94922,20702.65039,20507.75,20686.80078,381100.0,-0.9494054317474364
2023-12-05,20808.90039,20864.05078,20711.15039,20855.09961,421000.0,-0.0999813601374626
2023-12-06,20950.75,20961.94922,20852.15039,20937.69922,359200.0,0.6132990767558416
2023-12-07,20932.40039,20941.25,20850.80078,20901.15039,275000.0,0.9149962663650512
2023-12-08,20934.09961,21006.09961,20862.69922,20969.40039,292400.0,0.0
2023-12-11,20965.30078,21026.09961,20923.69922,20997.09961,212900.0,0.8868434429168701
2023-12-12,21018.55078,21037.90039,20867.15039,20906.40039,244900.0,0.4862194545567035
2023-12-13,20929.75,20950.0,20769.5,20926.34961,260300.0,0.0637104585766792
2023-12-14,21110.40039,21210.90039,21074.44922,21182.69922,334400.0,0.8504899144172668
2023-12-15,21287.44922,21492.30078,21235.30078,21456.65039,508800.0,-0.4964184165000915
2023-12-18,21434.80078,21482.80078,21365.34961,21418.65039,249700.0,0.6284192353487015
2023-12-19,21477.65039,21505.05078,21337.75,21453.09961,249800.0,0.0
2023-12-20,21543.5,21593.0,21087.34961,21150.15039,363900.0,0.0
2023-12-21,21033.94922,21288.34961,20976.80078,21255.05078,277500.0,0.0
2023-12-22,21295.84961,21390.5,21232.44922,21349.40039,284700.0,0.0
2023-12-26,21365.19922,21477.15039,21329.44922,21441.34961,219500.0,0.0
2023-12-27,21497.65039,21675.75,21495.80078,21654.75,256500.0,0.0
2023-12-28,21715.0,21801.44922,21678.0,21778.69922,393100.0,0.6270607709884644
2023-12-29,21737.65039,21770.30078,21676.90039,21731.40039,270900.0,0.728760838508606
2024-01-01,21727.75,21834.34961,21680.84961,21741.90039,154000.0,0.0
2024-01-02,21751.34961,21755.59961,21555.65039,21665.80078,263700.0,0.0
2024-01-03,21661.09961,21677.0,21500.34961,21517.34961,311900.0,0.8291381597518921
2024-01-04,21605.80078,21685.65039,21564.55078,21658.59961,339200.0,0.0
2024-01-05,21705.75,21749.59961,21629.19922,21710.80078,309300.0,0.0
2024-01-08,21747.59961,21763.94922,21492.90039,21513.0,231500.0,0.3412418365478515
2024-01-09,21653.59961,21724.44922,21517.84961,21544.84961,228600.0,0.9327948888142904
2024-01-10,21529.30078,21641.84961,21448.65039,21618.69922,217000.0,0.0
2024-01-11,21688.0,21726.5,21593.75,21647.19922,212500.0,-0.0070666372776031
2024-01-12,21773.55078,21928.25,21715.15039,21894.55078,294700.0,0.8058188736438752
2024-01-15,22053.15039,22115.55078,21963.55078,22097.44922,345500.0,0.4427015244960784
2024-01-16,22080.5,22124.15039,21969.80078,22032.30078,292400.0,-0.0394589900970458
2024-01-17,21647.25,21851.5,21550.44922,21571.94922,456000.0,0.3107538595795631
2024-01-18,21414.19922,21539.40039,21285.55078,21462.25,387300.0,0.5083407076696554
2024-01-19,21615.19922,21670.59961,21575.0,21622.40039,343100.0,0.2061533890664577
2024-01-23,21716.69922,21750.25,21192.59961,21238.80078,449700.0,0.907956451177597
2024-01-24,21185.25,21482.34961,21137.19922,21453.94922,407500.0,0.0
2024-01-25,21454.59961,21459.0,21247.05078,21352.59961,418100.0,0.031041532754898
2024-01-29,21433.09961,21763.25,21429.59961,21737.59961,376700.0,0.5868147537112236
2024-01-30,21775.75,21813.05078,21501.80078,21522.09961,375100.0,0.9375014305114746
2024-01-31,21487.25,21741.34961,21448.84961,21725.69922,410600.0,0.3925109505653381
2024-02-01,21780.65039,21832.94922,21658.75,21697.44922,332500.0,0.0
2024-02-02,21812.75,22126.80078,21805.55078,21853.80078,442800.0,0.7643500566482544
2024-02-05,21921.05078,21964.30078,21726.94922,21771.69922,440800.0,0.0
2024-02-06,21825.19922,21951.40039,21737.55078,21929.40039,371000.0,0.35811339939634
2024-02-07,22045.05078,22053.30078,21860.15039,21930.5,346300.0,0.9377986639738084
2024-02-08,22009.65039,22011.05078,21665.30078,21717.94922,491100.0,0.0
2024-02-09,21727.0,21804.44922,21629.90039,21782.5,349200.0,0.0
2024-02-12,21800.80078,21831.69922,21574.75,21616.05078,287400.0,0.9219549894332886
2024-02-13,21664.30078,21766.80078,21543.34961,21743.25,365800.0,0.0
2024-02-14,21578.15039,21870.84961,21530.19922,21840.05078,359100.0,0.0
2024-02-15,21906.55078,21953.84961,21794.80078,21910.75,345400.0,-0.6858159899711609
2024-02-16,22020.30078,22068.65039,21968.94922,22040.69922,343900.0,0.0
2024-02-19,22103.44922,22186.65039,22021.05078,22122.25,0.0,0.3326357901096344
2024-02-20,22099.19922,22215.59961,22045.84961,22196.94922,295700.0,0.9223420023918152
2024-02-21,22248.84961,22249.40039,21997.94922,22055.05078,364500.0,0.0
2024-02-22,22081.55078,22252.5,21875.25,22217.44922,343500.0,0.6346582770347595
2024-02-23,22290.0,22297.5,22186.09961,22212.69922,226000.0,0.519253708422184
2024-02-26,22169.19922,22202.15039,22075.15039,22122.05078,207800.0,-0.6179812550544739
2024-02-27,22090.19922,22218.25,22085.65039,22198.34961,252200.0,0.0
2024-02-28,22214.09961,22229.15039,21915.84961,21951.15039,203000.0,0.0
2024-02-29,21935.19922,22060.55078,21860.65039,21982.80078,360200.0,0.0
2024-03-01,22048.30078,22353.30078,22047.75,22338.75,351500.0,0.9353474378585817
2024-03-04,22403.5,22440.90039,22358.30078,22405.59961,298800.0,0.0
2024-03-05,22371.25,22416.90039,22269.15039,22356.30078,296200.0,0.0
2024-03-06,22327.5,22497.19922,22224.34961,22474.05078,312300.0,0.0
2024-03-07,22505.30078,22525.65039,22430.0,22493.55078,379900.0,-0.0170059502124786
2024-03-11,22517.5,22526.59961,22307.25,22332.65039,277900.0,0.8553359508514404
2024-03-12,22334.44922,22452.55078,22256.0,22335.69922,299200.0,0.913979023694992
2024-03-13,22432.19922,22446.75,21905.65039,21997.69922,493300.0,0.0
2024-03-14,21982.55078,22204.59961,21917.5,22146.65039,426700.0,0.0
2024-03-15,22064.84961,22120.90039,21931.69922,22023.34961,661500.0,0.0
2024-03-18,21990.09961,22123.69922,21916.55078,22055.69922,356300.0,0.5350342194239298
2024-03-19,21946.44922,21978.30078,21793.09961,21817.44922,344200.0,0.0
2024-03-20,21843.90039,21930.90039,21710.19922,21839.09961,312400.0,0.893337607383728
2024-03-21,21989.90039,22080.94922,21941.30078,22011.94922,353200.0,0.0
2024-03-22,21932.19922,22180.69922,21883.30078,22096.75,388700.0,0.9412205815315248
2024-03-26,21947.90039,22073.19922,21947.55078,22004.69922,328400.0,0.0
2024-03-27,22053.94922,22193.59961,22052.84961,22123.65039,409100.0,0.0
2024-03-28,22163.59961,22516.0,22163.59961,22326.90039,410500.0,0.3649587333202362
2024-04-01,22455.0,22529.94922,22427.75,22462.0,0.0,0.0
2024-04-02,22458.80078,22497.59961,22388.15039,22453.30078,289500.0,0.8244940638542175
2024-04-03,22385.69922,22521.09961,22346.5,22434.65039,309600.0,0.9264362454414368
2024-04-04,22592.09961,22619.0,22303.80078,22514.65039,401000.0,0.0
2024-04-05,22486.40039,22537.59961,22427.59961,22513.69922,242200.0,0.9376466870307922
2024-04-08,22578.34961,22697.30078,22550.34961,22666.30078,227600.0,0.8950466513633728
2024-04-09,22765.09961,22768.40039,22612.25,22642.75,232400.0,0.9070134162902832
2024-04-10,22720.25,22775.69922,22673.69922,22753.80078,276800.0,0.9333431720733644
2024-04-12,22677.40039,22726.44922,22503.75,22519.40039,357200.0,0.0
2024-04-15,22339.05078,22427.44922,22259.55078,22272.5,355500.0,0.8039099276065826
2024-04-16,22125.30078,22213.75,22079.44922,22147.90039,317300.0,0.0
2024-04-18,22212.34961,22326.5,21961.69922,21995.84961,456900.0,0.5583280883729458
2024-04-19,21861.5,22179.55078,21777.65039,22147.0,362500.0,-0.0103839279285498
2024-04-22,22336.90039,22375.65039,22198.15039,22336.40039,279300.0,0.2437587734311819
2024-04-23,22447.05078,22447.55078,22349.44922,22368.0,231500.0,0.0345071665942668
2024-04-24,22421.55078,22476.44922,22384.0,22402.40039,235900.0,0.0
2024-04-25,22316.90039,22625.94922,22305.25,22570.34961,475000.0,0.0
2024-04-26,22620.40039,22620.40039,22385.55078,22419.94922,329900.0,0.0
2024-04-29,22475.55078,22655.80078,22441.90039,22643.40039,292000.0,0.0
2024-04-30,22679.65039,22783.34961,22568.40039,22604.84961,361900.0,0.0
2024-05-02,22567.84961,22710.5,22567.84961,22648.19922,445900.0,0.0
2024-05-03,22766.34961,22794.69922,22348.05078,22475.84961,438100.0,0.0
2024-05-06,22561.59961,22588.80078,22409.44922,22442.69922,320300.0,0.0
2024-05-07,22489.75,22499.05078,22232.05078,22302.5,297800.0,0.0
2024-05-08,22231.19922,22368.65039,22185.19922,22302.5,277400.0,0.0
2024-05-09,22224.80078,22307.75,21932.40039,21957.5,331300.0,0.0
2024-05-10,21990.94922,22131.30078,21950.30078,22055.19922,265800.0,0.0
2024-05-13,22027.94922,22131.65039,21821.05078,22104.05078,278200.0,0.0
2024-05-14,22112.90039,22270.05078,22081.25,22217.84961,230200.0,0.0
2024-05-15,22255.59961,22297.55078,22151.75,22200.55078,231900.0,0.0
2024-05-16,22319.19922,22432.25,22054.55078,22403.84961,368900.0,0.0
2024-05-17,22415.25,22502.15039,22345.65039,22466.09961,242700.0,0.0
2024-05-21,22404.55078,22591.09961,22404.55078,22529.05078,347600.0,0.0
2024-05-22,22576.59961,22629.5,22483.15039,22597.80078,290300.0,0.0
2024-05-23,22614.09961,22993.59961,22577.44922,22967.65039,369800.0,0.0
2024-05-24,22930.75,23026.40039,22908.0,22957.09961,261900.0,0.0
2024-05-27,23038.94922,23110.80078,22871.19922,22932.44922,260000.0,0.0
2024-05-28,22977.15039,22998.55078,22858.5,22888.15039,217900.0,0.0
2024-05-29,22762.75,22825.5,22685.44922,22704.69922,269900.0,0.0
2024-05-30,22617.44922,22705.75,22417.0,22488.65039,373400.0,0.0
2024-05-31,22568.09961,22653.75,22465.09961,22530.69922,572100.0,0.0
